project_id,sanctioned_cost,final_cost,cost_overrun_ratio,cost_overrun_5pct,cost_overrun_10pct,cost_overrun_20pct,completion_reason,completion_date
PC-400010,480.0,512.55,0.06781249999999983,1,0,0,expenditure_ge_sanctioned,2026-07
PC-400019,492.76,560.32,0.1371052845198475,1,1,0,expenditure_ge_sanctioned,2026-06
PC-400065,1105.23,790.11,-0.28511712494231967,0,0,0,progress_100,2025-11
PC-400087,885.63,1062.32,0.19950769508711308,1,1,0,expenditure_ge_sanctioned,2026-07
PC-400100,353.05,879.15,1.4901572015295281,1,1,1,expenditure_ge_sanctioned,2026-07
PC-400101,397.41,624.78,0.5721295387634935,1,1,1,expenditure_ge_sanctioned,2026-07
PC-400102,736.13,971.47,0.31969896621520655,1,1,1,expenditure_ge_sanctioned,2026-07
PC-400103,1331.3,4491.08,2.373454518140164,1,1,1,expenditure_ge_sanctioned,2026-07
PC-400105,580.79,713.46,0.22843024156752034,1,1,1,expenditure_ge_sanctioned,2026-04
PC-400107,2407.67,2779.38,0.15438577545926147,1,1,0,expenditure_ge_sanctioned,2026-04
PC-400111,459.97,620.15,0.34824010261538785,1,1,1,expenditure_ge_sanctioned,2026-07
PC-400112,7222.95,10516.63,0.45600204902429065,1,1,1,expenditure_ge_sanctioned,2026-04
PC-400115,751.03,814.02,0.08387148316312265,1,0,0,expenditure_ge_sanctioned,2026-07
PC-400116,1229.15,2270.96,0.8475857299759995,1,1,1,expenditure_ge_sanctioned,2026-07
PC-400117,741.38,3218.3,3.340958752596509,1,1,1,"progress_100, expenditure_ge_sanctioned",2025-08
PC-400141,4103.0,5023.49,0.22434560077991716,1,1,1,expenditure_ge_sanctioned,2026-07
PC-400161,910.56,1073.0,0.17839571252855402,1,1,0,expenditure_ge_sanctioned,2026-01
PC-400168,8797.0,8861.88,0.007375241559622436,0,0,0,expenditure_ge_sanctioned,2026-07
PC-400223,713.0,1267.74,0.7780364656381487,1,1,1,expenditure_ge_sanctioned,2026-07
PC-400253,4803.0,6260.17,0.3033874661669791,1,1,1,expenditure_ge_sanctioned,2026-06
PC-400259,17237.8,21237.52,0.2320319298286324,1,1,1,expenditure_ge_sanctioned,2026-04
PC-400261,18668.0,19735.72,0.05719520034283265,1,0,0,expenditure_ge_sanctioned,2026-07
PC-400273,1189.0,1607.64,0.3520941968040372,1,1,1,expenditure_ge_sanctioned,2026-07
PC-400277,8964.0,8984.66,0.002304774654172226,0,0,0,expenditure_ge_sanctioned,2026-06
PC-400298,2312.0,2535.68,0.09674740484429067,1,0,0,expenditure_ge_sanctioned,2026-07
PC-400301,678.0,1206.36,0.77929203539823,1,1,1,expenditure_ge_sanctioned,2026-07
PC-400369,836.42,917.1,0.09645871691255592,1,0,0,expenditure_ge_sanctioned,2026-07
PC-602096,6285.33,26448.07,3.20790475599531,1,1,1,expenditure_ge_sanctioned,2026-07
PC-602098,424.93,484.52,0.14023486221259973,1,1,0,expenditure_ge_sanctioned,2026-07
PC-602184,1381.84,1690.73,0.22353528628495356,1,1,1,expenditure_ge_sanctioned,2026-07
PC-602185,2978.0,7827.81,1.62854600402955,1,1,1,expenditure_ge_sanctioned,2026-07
PC-602193,4825.6,8213.03,0.7019707393899204,1,1,1,expenditure_ge_sanctioned,2026-02
PC-602194,11089.42,12951.99,0.16795918993058256,1,1,0,"progress_100, expenditure_ge_sanctioned",2025-11
PC-602195,3860.35,5832.69,0.5109225847397256,1,1,1,expenditure_ge_sanctioned,2026-07
PC-602223,4754.42,8141.52,0.7124107672439541,1,1,1,expenditure_ge_sanctioned,2026-07
PC-602525,8112.12,9313.54,0.1481018525366984,1,1,0,expenditure_ge_sanctioned,2026-07
PC-602538,1037.0,1143.06,0.10227579556412714,1,1,0,expenditure_ge_sanctioned,2026-07
PC-602579,10439.09,13731.77,0.3154182979550899,1,1,1,expenditure_ge_sanctioned,2026-07
PC-602582,687.97,1275.68,0.8542669011730162,1,1,1,expenditure_ge_sanctioned,2026-07
PC-602593,1810.56,1980.59,0.09391017143867098,1,0,0,expenditure_ge_sanctioned,2026-07
PC-602792,1171.0,448.77,-0.6167634500426986,0,0,0,progress_100,2026-07
PC-603945,567.03,2810.1,3.95582244325697,1,1,1,expenditure_ge_sanctioned,2026-07
PC-604791,12366.0,20411.19,0.6505895196506548,1,1,1,expenditure_ge_sanctioned,2026-07
PC-604792,1750.0,4710.0,1.6914285714285713,1,1,1,expenditure_ge_sanctioned,2025-08
PC-605156,938.29,1718.16,0.8311609417131165,1,1,1,expenditure_ge_sanctioned,2026-07
PC-606112,153.71,266.14,0.731442326458916,1,1,1,expenditure_ge_sanctioned,2026-07
PC-607701,412.3,457.64,0.10996846956099926,1,1,0,expenditure_ge_sanctioned,2026-04
PC-607709,5111.33,5577.75,0.0912521789827696,1,0,0,expenditure_ge_sanctioned,2026-07
PC-608302,318.12,317.12,-0.003143467873758299,0,0,0,progress_100,2025-10
PC-608922,1666.0,2129.28,0.27807923169267723,1,1,1,expenditure_ge_sanctioned,2025-10
PC-609041,287.2,310.0,0.0793871866295266,1,0,0,expenditure_ge_sanctioned,2025-08
PC-611142,177.0,383.41,1.1661581920903958,1,1,1,"progress_100, expenditure_ge_sanctioned",2026-03
PC-611737,385.84,382.4,-0.008915612689197605,0,0,0,progress_100,2025-10
PC-611917,1459.0,1560.24,0.06938999314599048,1,0,0,expenditure_ge_sanctioned,2026-07
PC-611937,417.53,502.23,0.20285967475390998,1,1,1,expenditure_ge_sanctioned,2025-11
PC-611966,224.41,224.41,0.0,0,0,0,"progress_100, expenditure_ge_sanctioned",2026-06
PC-612063,219.18,215.51,-0.016744228488000834,0,0,0,progress_100,2025-11
PC-612178,152.95,127.22,-0.16822491010134022,0,0,0,progress_100,2026-03
PC-612185,209.36,202.62,-0.03219335116545663,0,0,0,progress_100,2026-02
PC-612239,131.05,162.05,0.23655093475772593,1,1,1,expenditure_ge_sanctioned,2025-11
PC-612259,102.4,340.3,2.3232421875,1,1,1,expenditure_ge_sanctioned,2026-07
PC-612688,211.13,198.95,-0.05768957514327666,0,0,0,progress_100,2025-10
PC-612819,1813.0,1753.07,-0.03305570876999453,0,0,0,progress_100,2026-04
PC-612851,333.49,336.42,0.008785870640798832,0,0,0,"progress_100, expenditure_ge_sanctioned",2026-07
PC-615327,218.03,169.95,-0.2205201119112049,0,0,0,progress_100,2026-04
PC-616615,230.06,261.82,0.13805094323220035,1,1,0,expenditure_ge_sanctioned,2026-07
PC-616616,305.19,346.46,0.13522723549264382,1,1,0,expenditure_ge_sanctioned,2026-07
PC-617245,942.64,952.95,0.010937367393702768,0,0,0,expenditure_ge_sanctioned,2026-07
PC-617302,1740.0,2380.8,0.3682758620689657,1,1,1,expenditure_ge_sanctioned,2026-07
PC-617374,1516.45,2154.73,0.4209040851989845,1,1,1,expenditure_ge_sanctioned,2026-06
PC-617379,446.21,565.7,0.267788709352099,1,1,1,expenditure_ge_sanctioned,2026-06
PC-617887,379.23,206.48,-0.4555283073596499,0,0,0,progress_100,2026-06
PC-617891,186.29,66.7,-0.6419560899672554,0,0,0,progress_100,2026-05
PC-617907,436.09,221.22,-0.49271939278589283,0,0,0,progress_100,2026-05
PC-617913,283.15,480.41,0.696662546353523,1,1,1,expenditure_ge_sanctioned,2026-07
PC-617915,329.14,0.0,-1.0,0,0,0,progress_100,2026-06
PC-617924,300.33,82.33,-0.7258682116338694,0,0,0,progress_100,2026-05
PC-617933,984.07,0.0,-1.0,0,0,0,progress_100,2026-05
PC-617934,406.54,528.24,0.29935553697053185,1,1,1,expenditure_ge_sanctioned,2026-07
PC-617936,253.99,0.0,-1.0,0,0,0,progress_100,2026-07
PC-617949,159.66,75.64,-0.5262432669422523,0,0,0,progress_100,2026-06
PC-617968,418.89,426.18,0.017403136861706026,0,0,0,expenditure_ge_sanctioned,2026-07
PC-617970,282.08,166.13,-0.4110536018150879,0,0,0,progress_100,2026-05
PC-617975,237.79,79.56,-0.6654190672442071,0,0,0,progress_100,2026-05
PC-618000,170.34,111.33,-0.34642479746389576,0,0,0,progress_100,2026-07
PC-618008,185.09,175.09,-0.054027770273920805,0,0,0,progress_100,2026-05
PC-618023,152.58,0.0,-1.0,0,0,0,progress_100,2026-06
PC-618072,297.25,155.15,-0.47804878048780486,0,0,0,progress_100,2026-07
PC-618099,164.13,98.68,-0.3987692682629622,0,0,0,progress_100,2026-05
PC-618118,174.34,63.55,-0.6354823907307561,0,0,0,progress_100,2026-05
PC-618125,228.32,44.94,-0.8031709880868956,0,0,0,progress_100,2026-07
PC-618164,1141.67,0.0,-1.0,0,0,0,progress_100,2026-07
PC-618165,1156.72,0.0,-1.0,0,0,0,progress_100,2026-06
PC-618166,697.66,0.04,-0.9999426654817533,0,0,0,progress_100,2026-07
PC-618174,226.58,0.0,-1.0,0,0,0,progress_100,2026-07
PC-618188,253.78,98.95,-0.6100953581842541,0,0,0,progress_100,2026-07
PC-618194,294.13,312.4,0.06211539115357145,1,0,0,expenditure_ge_sanctioned,2026-07
PC-618214,346.5,0.0,-1.0,0,0,0,progress_100,2026-07
PC-618220,642.24,0.0,-1.0,0,0,0,progress_100,2026-05
PC-618229,211.09,0.0,-1.0,0,0,0,progress_100,2026-05
PC-618236,316.06,222.43,-0.2962412200215149,0,0,0,progress_100,2026-07
PC-618239,445.22,512.79,0.15176766542383535,1,1,0,expenditure_ge_sanctioned,2026-07
PC-618240,236.47,0.0,-1.0,0,0,0,progress_100,2026-07
PC-618259,222.61,122.52,-0.4496204123803963,0,0,0,progress_100,2026-05
PC-618285,286.72,186.64,-0.3490513392857144,0,0,0,progress_100,2026-05
PC-618298,211.7,272.3,0.28625413320736914,1,1,1,expenditure_ge_sanctioned,2026-07
PC-618330,511.02,647.21,0.2665062032797152,1,1,1,"progress_100, expenditure_ge_sanctioned",2026-05
PC-618337,467.0,593.79,0.27149892933618847,1,1,1,expenditure_ge_sanctioned,2026-07
PC-618346,232.99,155.44,-0.3328469033005709,0,0,0,progress_100,2026-07
PC-618347,241.52,164.85,-0.31744783040741975,0,0,0,progress_100,2026-07
PC-618372,909.02,638.5,-0.2975952124265693,0,0,0,progress_100,2026-05
PC-618377,351.12,243.15,-0.3075017088174983,0,0,0,progress_100,2026-07
PC-618382,605.76,0.01,-0.9999834918119387,0,0,0,progress_100,2026-05
PC-618406,322.49,398.19,0.23473596080498615,1,1,1,expenditure_ge_sanctioned,2026-07
PC-618415,188.36,0.0,-1.0,0,0,0,progress_100,2026-07
PC-618423,215.79,173.12,-0.19773854210111674,0,0,0,progress_100,2026-07
PC-618428,264.84,70.71,-0.7330086089714545,0,0,0,progress_100,2026-07
PC-618429,345.38,418.73,0.2123747756094736,1,1,1,expenditure_ge_sanctioned,2026-07
PC-618436,599.0,432.62,-0.277762938230384,0,0,0,progress_100,2026-07
PC-618437,274.34,116.66,-0.5747612451702266,0,0,0,progress_100,2026-07
PC-618438,385.57,680.44,0.7647638561091372,1,1,1,"progress_100, expenditure_ge_sanctioned",2026-07
PC-618442,358.72,100.4,-0.7201159678858162,0,0,0,progress_100,2026-07
PC-618444,279.01,398.54,0.4284075839575643,1,1,1,expenditure_ge_sanctioned,2026-06
PC-618449,230.45,249.71,0.08357561293122151,1,0,0,expenditure_ge_sanctioned,2026-07
PC-618455,693.97,308.85,-0.554951943167572,0,0,0,progress_100,2026-07
PC-618460,1263.38,934.98,-0.2599376276338078,0,0,0,progress_100,2026-06
PC-618462,1644.85,1297.76,-0.21101620208529648,0,0,0,progress_100,2026-07
PC-618463,1324.84,1546.7,0.16746173122792207,1,1,0,expenditure_ge_sanctioned,2026-07
PC-618464,2271.86,2574.42,0.13317722042731495,1,1,0,expenditure_ge_sanctioned,2026-05
PC-618465,1710.3,2158.87,0.2622756241595041,1,1,1,expenditure_ge_sanctioned,2026-05
PC-618489,1851.47,1935.88,0.04559080082312983,0,0,0,expenditure_ge_sanctioned,2026-07
PC-618499,1972.94,770.81,-0.6093089500947824,0,0,0,progress_100,2026-07
PC-618501,1298.0,1024.93,-0.2103775038520801,0,0,0,progress_100,2026-05
PC-618502,1415.34,1427.49,0.008584509729111067,0,0,0,"progress_100, expenditure_ge_sanctioned",2026-05
PC-618503,1034.04,1125.55,0.08849754361533413,1,0,0,"progress_100, expenditure_ge_sanctioned",2026-07
PC-618504,1181.76,1222.79,0.034719401570538766,0,0,0,expenditure_ge_sanctioned,2026-07
PC-618507,466.8,577.62,0.23740359897172225,1,1,1,expenditure_ge_sanctioned,2026-07
PC-618515,1479.3,1178.31,-0.20346785641857634,0,0,0,progress_100,2026-05
PC-618533,1560.39,1694.94,0.08622844288927767,1,0,0,"progress_100, expenditure_ge_sanctioned",2026-07
PC-618549,242.65,677.47,1.7919637337729242,1,1,1,expenditure_ge_sanctioned,2026-07
PC-618553,957.62,758.67,-0.20775464171592073,0,0,0,progress_100,2026-05
PC-618562,579.0,1.4,-0.9975820379965458,0,0,0,progress_100,2026-05
PC-618563,900.05,903.57,0.003910893839231155,0,0,0,expenditure_ge_sanctioned,2026-07
PC-618571,227.25,233.7,0.02838283828382826,0,0,0,expenditure_ge_sanctioned,2026-07
PC-618575,457.72,371.63,-0.18808441842174262,0,0,0,progress_100,2026-02
PC-618577,2228.26,1759.52,-0.21036144794593103,0,0,0,progress_100,2026-06
PC-618578,1467.44,1615.93,0.10118982718203129,1,1,0,expenditure_ge_sanctioned,2026-05
PC-618579,2527.0,2376.11,-0.059711119905025645,0,0,0,progress_100,2026-07
PC-618582,1282.97,599.36,-0.5328339711762551,0,0,0,progress_100,2026-05
PC-618583,1358.77,713.95,-0.474561551991875,0,0,0,progress_100,2026-05
PC-618598,210.0,190.46,-0.09304761904761905,0,0,0,progress_100,2026-07
PC-618599,4919.46,3765.27,-0.23461721408447267,0,0,0,progress_100,2026-07
PC-618600,4023.94,2592.92,-0.3556265749489307,0,0,0,progress_100,2026-07
PC-618611,520.63,450.59,-0.13452932024662434,0,0,0,progress_100,2026-07
PC-618612,846.59,705.48,-0.1666804474420912,0,0,0,progress_100,2026-07
PC-618652,1241.38,785.13,-0.36753451803637893,0,0,0,progress_100,2026-05
PC-618653,1236.08,1503.59,0.21641803119539182,1,1,1,expenditure_ge_sanctioned,2026-07
PC-618674,1470.73,757.62,-0.4848680587191395,0,0,0,progress_100,2026-07
PC-618692,1226.64,1359.14,0.1080186525794038,1,1,0,"progress_100, expenditure_ge_sanctioned",2026-06
PC-618696,1281.47,349.37,-0.7273677885553309,0,0,0,progress_100,2026-02
PC-618699,819.14,188.7,-0.7696364479820299,0,0,0,progress_100,2026-05
PC-618704,150.86,106.14,-0.296433779663264,0,0,0,progress_100,2026-07
PC-618706,3496.01,4315.21,0.2343242725278245,1,1,1,expenditure_ge_sanctioned,2026-07
PC-618710,2002.79,1739.72,-0.13135176428881712,0,0,0,progress_100,2026-07
PC-618743,876.88,66.59,-0.924060304716723,0,0,0,progress_100,2026-05
PC-618748,569.37,355.88,-0.3749582872297452,0,0,0,progress_100,2026-05
PC-618749,711.94,566.96,-0.20364075624350364,0,0,0,progress_100,2026-06
PC-618755,159.53,72.44,-0.5459161286278443,0,0,0,progress_100,2026-05
PC-618762,950.27,663.67,-0.3015984930598672,0,0,0,progress_100,2026-07
PC-618773,449.85,1.17,-0.9973991330443481,0,0,0,progress_100,2026-05
PC-618774,984.63,798.12,-0.18942140702598942,0,0,0,progress_100,2026-05
PC-618776,1237.65,1391.6,0.12438896295398516,1,1,0,expenditure_ge_sanctioned,2026-07
PC-618789,1525.31,1689.83,0.10786004156532103,1,1,0,expenditure_ge_sanctioned,2026-02
PC-618796,828.58,755.88,-0.0877404716502933,0,0,0,progress_100,2026-07
PC-618799,440.16,471.12,0.07033805888767719,1,0,0,expenditure_ge_sanctioned,2026-07
PC-618803,645.63,680.09,0.05337422362653532,1,0,0,expenditure_ge_sanctioned,2026-07
PC-618825,622.04,628.08,0.009709986496045486,0,0,0,expenditure_ge_sanctioned,2026-07
PC-618834,162.73,174.82,0.07429484422048804,1,0,0,"progress_100, expenditure_ge_sanctioned",2026-05
PC-618835,698.4,418.41,-0.40090206185567,0,0,0,progress_100,2026-05
PC-618838,736.75,463.98,-0.3702341364099083,0,0,0,progress_100,2026-07
PC-618839,1309.47,812.81,-0.379283221456009,0,0,0,progress_100,2026-05
PC-618840,664.02,814.22,0.2261980060841542,1,1,1,expenditure_ge_sanctioned,2026-07
PC-618849,444.21,394.65,-0.11156885256973059,0,0,0,progress_100,2026-05
PC-618850,1464.12,1574.85,0.07562904679944271,1,0,0,"progress_100, expenditure_ge_sanctioned",2026-07
PC-618852,191.11,182.6,-0.0445293286588877,0,0,0,progress_100,2026-07
PC-618861,897.45,914.25,0.018719705833194045,0,0,0,expenditure_ge_sanctioned,2026-07
PC-618863,662.44,825.2,0.24569772356741737,1,1,1,expenditure_ge_sanctioned,2026-07
PC-618864,1722.11,1050.08,-0.39023639604903293,0,0,0,progress_100,2026-05
PC-618874,1003.11,9.74,-0.9902901974858191,0,0,0,progress_100,2026-05
PC-618883,1706.47,1447.58,-0.1517108416790217,0,0,0,progress_100,2026-07
PC-618893,2966.63,3455.15,0.1646716981895282,1,1,0,expenditure_ge_sanctioned,2026-07
PC-618897,2356.19,1011.39,-0.5707519342667612,0,0,0,progress_100,2026-05
PC-618899,1499.12,1111.9,-0.258298201611612,0,0,0,progress_100,2026-07
PC-618902,662.44,1126.22,0.7001086890888231,1,1,1,expenditure_ge_sanctioned,2026-07
PC-618935,1183.7,452.48,-0.6177409816676522,0,0,0,progress_100,2026-05
PC-618937,1166.96,1181.42,0.012391170220058978,0,0,0,expenditure_ge_sanctioned,2026-07
PC-618938,1013.33,630.06,-0.3782282178559798,0,0,0,progress_100,2026-05
PC-618943,861.23,140.31,-0.8370818480545267,0,0,0,progress_100,2026-05
PC-618952,1954.77,2025.05,0.035953078878845135,0,0,0,expenditure_ge_sanctioned,2026-07
PC-618953,1199.58,1312.28,0.0939495490088198,1,0,0,expenditure_ge_sanctioned,2026-07
PC-618955,638.29,1096.16,0.717338513841671,1,1,1,expenditure_ge_sanctioned,2026-07
PC-618959,1017.99,406.6,-0.600585467440741,0,0,0,progress_100,2026-05
PC-619003,881.74,1347.79,0.5285571710481547,1,1,1,expenditure_ge_sanctioned,2026-07
PC-619063,1636.15,1278.04,-0.21887357516120165,0,0,0,progress_100,2026-05
PC-619067,356.6,104.04,-0.708244531688166,0,0,0,progress_100,2026-05
PC-619069,361.72,387.04,0.069998894172288,1,0,0,expenditure_ge_sanctioned,2026-07
PC-619070,839.0,8.42,-0.9899642431466031,0,0,0,progress_100,2026-04
PC-619073,1317.74,1367.2,0.03753395965820272,0,0,0,expenditure_ge_sanctioned,2026-07
PC-619077,464.62,389.77,-0.16109939305238696,0,0,0,progress_100,2026-07
PC-619083,255.53,206.64,-0.1913278284350175,0,0,0,progress_100,2026-05
PC-619084,461.54,42.28,-0.908393638687871,0,0,0,progress_100,2026-05
PC-619086,1247.43,7.24,-0.9941960671139863,0,0,0,progress_100,2026-07
PC-619090,2067.67,2381.53,0.1517940483732898,1,1,0,"progress_100, expenditure_ge_sanctioned",2026-07
PC-619092,994.22,1064.47,0.07065840558427716,1,0,0,expenditure_ge_sanctioned,2026-07
PC-619096,1644.92,1849.51,0.12437686939182457,1,1,0,expenditure_ge_sanctioned,2026-07
PC-619097,1181.12,1534.73,0.29938532917908445,1,1,1,"progress_100, expenditure_ge_sanctioned",2026-07
PC-619103,1096.52,905.32,-0.17436982453580407,0,0,0,progress_100,2026-07
PC-619113,555.8,235.51,-0.5762684418855704,0,0,0,progress_100,2026-06
PC-619115,796.77,201.53,-0.7470662801059277,0,0,0,progress_100,2026-02
PC-619117,1021.57,1068.91,0.046340436778683713,0,0,0,expenditure_ge_sanctioned,2026-07
PC-619119,999.32,1128.52,0.12928791578273224,1,1,0,expenditure_ge_sanctioned,2026-07
PC-619120,2919.8,3715.84,0.27263511199397206,1,1,1,expenditure_ge_sanctioned,2026-07
PC-619122,1479.22,1351.78,-0.08615351333811061,0,0,0,progress_100,2026-05
PC-619136,610.78,337.4,-0.4475916041782638,0,0,0,progress_100,2026-07
PC-619137,1024.69,882.1,-0.1391542808068782,0,0,0,progress_100,2026-04
PC-619144,1519.72,36.7,-0.9758508146237465,0,0,0,progress_100,2026-05
PC-619145,877.71,1008.79,0.14934317713139866,1,1,0,"progress_100, expenditure_ge_sanctioned",2026-07
PC-619146,750.53,833.12,0.11004223681931435,1,1,0,expenditure_ge_sanctioned,2026-06
PC-619147,603.08,624.41,0.03536844199774469,0,0,0,expenditure_ge_sanctioned,2026-05
PC-619148,1185.66,53.18,-0.9551473440952718,0,0,0,progress_100,2026-05
PC-619150,2082.69,2242.71,0.07683332613110938,1,0,0,expenditure_ge_sanctioned,2026-07
PC-619160,166.52,98.52,-0.4083593562334855,0,0,0,progress_100,2026-07
PC-619162,578.02,440.93,-0.23717172416179366,0,0,0,progress_100,2026-07
PC-619165,177.18,8.3,-0.9531549836324642,0,0,0,progress_100,2026-07
PC-619193,295.47,375.14,0.26963820354012236,1,1,1,expenditure_ge_sanctioned,2026-07
PC-619202,2144.67,3512.17,0.63762723402668,1,1,1,expenditure_ge_sanctioned,2026-07
PC-619205,1981.07,1701.33,-0.14120651970904619,0,0,0,progress_100,2026-07
PC-619210,1411.71,1474.28,0.04432213414936492,0,0,0,expenditure_ge_sanctioned,2026-07
PC-619215,991.41,1083.8,0.09319050645040905,1,0,0,expenditure_ge_sanctioned,2026-07
PC-619218,1364.14,1336.55,-0.02022519682730517,0,0,0,progress_100,2026-07
PC-619222,467.99,595.08,0.27156563174426807,1,1,1,expenditure_ge_sanctioned,2026-07
PC-619301,537.88,573.97,0.06709675020450656,1,0,0,expenditure_ge_sanctioned,2026-07
PC-619320,2290.72,468.71,-0.7953874764266257,0,0,0,progress_100,2026-05
PC-701091,3100.0,16024.42,4.169167741935484,1,1,1,"progress_100, expenditure_ge_sanctioned",2025-10
PC-701105,255.69,158.78,-0.3790136493409989,0,0,0,progress_100,2026-05
PC-701127,480.0,348.2,-0.2745833333333334,0,0,0,progress_100,2026-07
PC-701171,1028.0,1028.94,0.000914396887159663,0,0,0,expenditure_ge_sanctioned,2026-07
PC-701228,2915.0,4881.8,0.6747169811320755,1,1,1,expenditure_ge_sanctioned,2026-07
PC-701263,43129.0,69996.68,0.6229608847874979,1,1,1,expenditure_ge_sanctioned,2026-05
PC-701349,10228.0,11168.49,0.09195248337895978,1,0,0,expenditure_ge_sanctioned,2026-07
PC-701371,691.15,978.51,0.4157708167546843,1,1,1,expenditure_ge_sanctioned,2025-08
PC-701372,20718.17,31969.4,0.5430609942866578,1,1,1,expenditure_ge_sanctioned,2026-07
PC-701376,3807.77,6040.27,0.5863011684004025,1,1,1,expenditure_ge_sanctioned,2026-07
PC-701377,770.16,1515.6,0.9679027734496728,1,1,1,expenditure_ge_sanctioned,2026-07
PC-701383,1058.99,1642.5,0.5510061473668306,1,1,1,expenditure_ge_sanctioned,2026-07
PC-701384,368.34,724.36,0.9665526415811481,1,1,1,expenditure_ge_sanctioned,2025-07
PC-701386,7196.47,14439.46,1.0064642804041424,1,1,1,expenditure_ge_sanctioned,2026-07
PC-701388,1352.53,2689.7,0.9886435051348212,1,1,1,expenditure_ge_sanctioned,2025-07
PC-701390,333.87,803.89,1.4077934525414082,1,1,1,"progress_100, expenditure_ge_sanctioned",2025-07
PC-701391,210.45,1734.71,7.242860536944644,1,1,1,"progress_100, expenditure_ge_sanctioned",2026-07
PC-701392,973.62,1069.82,0.09880651588915579,1,0,0,expenditure_ge_sanctioned,2025-07
PC-701396,255.97,3066.05,10.97816150330117,1,1,1,expenditure_ge_sanctioned,2026-07
PC-701398,211.46,879.8,3.1605977489832586,1,1,1,expenditure_ge_sanctioned,2026-07
PC-701400,1449.44,1848.17,0.27509244949773715,1,1,1,expenditure_ge_sanctioned,2026-07
PC-701402,3055.88,8327.62,1.7251135515792506,1,1,1,expenditure_ge_sanctioned,2026-07
PC-701404,989.43,2804.16,1.8341166125951305,1,1,1,expenditure_ge_sanctioned,2026-07
PC-701406,1402.0,1839.76,0.3122396576319544,1,1,1,"progress_100, expenditure_ge_sanctioned",2026-06
PC-701408,1060.67,4575.74,3.3140090697389377,1,1,1,expenditure_ge_sanctioned,2026-07
PC-701410,1441.26,2364.12,0.6403147246159611,1,1,1,expenditure_ge_sanctioned,2026-07
PC-701415,10151.04,27961.55,1.7545502726814197,1,1,1,expenditure_ge_sanctioned,2026-07
PC-701568,100.0,186.47,0.8647,1,1,1,expenditure_ge_sanctioned,2026-02
PC-701576,298.26,480.0,0.6093341380004025,1,1,1,"progress_100, expenditure_ge_sanctioned",2026-02
PC-701600,336.89,241.23,-0.28395025082371106,0,0,0,progress_100,2026-02
PC-701719,539.0,623.44,0.15666048237476815,1,1,0,expenditure_ge_sanctioned,2026-07
PC-702631,5384.17,5019.61,-0.06770960055124564,0,0,0,progress_100,2026-02
PC-702635,26405.14,29834.97,0.12989251335156715,1,1,0,expenditure_ge_sanctioned,2026-07
PC-702637,23136.0,35959.97,0.5542863934993085,1,1,1,expenditure_ge_sanctioned,2026-07
PC-702639,10773.0,12520.65,0.16222500696184894,1,1,0,expenditure_ge_sanctioned,2026-04
PC-702682,186.8,1664.41,7.910117773019271,1,1,1,"progress_100, expenditure_ge_sanctioned",2025-10
PC-702735,213.19,180.32,-0.15418171584033025,0,0,0,progress_100,2026-03
PC-702798,362.31,332.05,-0.08351963787916428,0,0,0,progress_100,2026-03
PC-702808,191.56,200.32,0.04572979745249528,0,0,0,expenditure_ge_sanctioned,2026-07
PC-702948,235.73,221.27,-0.0613413651211131,0,0,0,progress_100,2026-01
PC-702958,142.46,152.65,0.07152885020356581,1,0,0,expenditure_ge_sanctioned,2026-07
PC-703586,498.7,700.64,0.40493282534589925,1,1,1,expenditure_ge_sanctioned,2026-07
PC-705237,51101.0,124623.0,1.4387585370149312,1,1,1,expenditure_ge_sanctioned,2026-07
PC-705253,563.0,959.27,0.703854351687389,1,1,1,expenditure_ge_sanctioned,2026-07
PC-705356,2538.67,5054.69,0.9910780054122825,1,1,1,expenditure_ge_sanctioned,2026-07
PC-705357,138.48,1132.25,7.176270941652225,1,1,1,expenditure_ge_sanctioned,2026-07
PC-705358,3792.0,4825.28,0.27248945147679327,1,1,1,expenditure_ge_sanctioned,2026-07
PC-705359,1928.0,2164.01,0.12241182572614129,1,1,0,expenditure_ge_sanctioned,2026-07
PC-705366,2067.0,2843.39,0.37561199806482826,1,1,1,expenditure_ge_sanctioned,2026-07
PC-705368,1605.0,2140.8,0.3338317757009346,1,1,1,expenditure_ge_sanctioned,2026-07
PC-705373,1473.0,3041.78,1.0650237610319078,1,1,1,expenditure_ge_sanctioned,2026-07
PC-705375,1626.0,2269.03,0.39546740467404695,1,1,1,expenditure_ge_sanctioned,2026-07
PC-705391,14323.0,16931.5,0.18211966766738819,1,1,0,expenditure_ge_sanctioned,2026-07
PC-705392,6663.0,6719.53,0.008484166291460316,0,0,0,expenditure_ge_sanctioned,2026-07
PC-705400,2650.0,4152.4,0.566943396226415,1,1,1,expenditure_ge_sanctioned,2025-07
PC-705401,435.0,1057.21,1.430367816091954,1,1,1,expenditure_ge_sanctioned,2026-07
PC-705410,2018.0,2934.27,0.4540485629335975,1,1,1,expenditure_ge_sanctioned,2026-07
PC-705419,2913.0,3068.75,0.053467215928596046,1,0,0,expenditure_ge_sanctioned,2026-07
PC-705432,7877.0,11090.47,0.40795607464770844,1,1,1,expenditure_ge_sanctioned,2026-07
PC-705437,1160.0,3073.41,1.6494913793103447,1,1,1,expenditure_ge_sanctioned,2026-06
PC-705444,4970.0,5327.55,0.07194164989939633,1,0,0,expenditure_ge_sanctioned,2026-07
PC-705453,456.07,4509.3,8.887298002499616,1,1,1,expenditure_ge_sanctioned,2026-07
PC-705454,1794.0,1855.01,0.03400780379041257,0,0,0,expenditure_ge_sanctioned,2026-07
PC-705457,1656.25,5045.54,2.046363773584906,1,1,1,expenditure_ge_sanctioned,2026-07
PC-705458,483.88,816.25,0.6868851781433414,1,1,1,expenditure_ge_sanctioned,2026-07
PC-705481,3032.0,4498.51,0.48367744063324536,1,1,1,expenditure_ge_sanctioned,2026-07
PC-705497,3445.34,4053.03,0.17638027016201585,1,1,0,expenditure_ge_sanctioned,2026-07
PC-705498,792.89,1159.82,0.46277541651427057,1,1,1,expenditure_ge_sanctioned,2026-07
PC-705500,540.02,836.27,0.5485907929335951,1,1,1,expenditure_ge_sanctioned,2026-07
PC-705502,1384.72,1894.7,0.3682910624530591,1,1,1,expenditure_ge_sanctioned,2026-07
PC-705503,4027.53,5248.72,0.3032106526829099,1,1,1,"progress_100, expenditure_ge_sanctioned",2026-03
PC-705504,2081.27,3191.56,0.5334675462578138,1,1,1,expenditure_ge_sanctioned,2026-07
PC-705505,637.95,1090.49,0.7093659377694175,1,1,1,expenditure_ge_sanctioned,2026-07
PC-705506,1035.16,1843.54,0.780922755902469,1,1,1,"progress_100, expenditure_ge_sanctioned",2026-07
PC-705510,1284.0,1395.78,0.08705607476635513,1,0,0,expenditure_ge_sanctioned,2026-07
PC-705515,1173.0,2213.72,0.8872293265132138,1,1,1,expenditure_ge_sanctioned,2026-07
PC-705526,519.0,746.81,0.43894026974951816,1,1,1,expenditure_ge_sanctioned,2026-07
PC-705527,1216.0,1460.42,0.20100328947368418,1,1,1,expenditure_ge_sanctioned,2026-07
PC-705562,963.0,1000.05,0.03847352024922124,0,0,0,expenditure_ge_sanctioned,2026-07
PC-705566,351.0,499.64,0.4234757834757834,1,1,1,expenditure_ge_sanctioned,2025-09
PC-705567,1016.0,777.21,-0.23502952755905504,0,0,0,progress_100,2026-07
PC-705588,722.0,1216.52,0.6849307479224376,1,1,1,expenditure_ge_sanctioned,2026-07
PC-705610,302.0,421.36,0.39523178807947024,1,1,1,expenditure_ge_sanctioned,2026-07
PC-705612,1953.0,5192.51,1.65873527905786,1,1,1,expenditure_ge_sanctioned,2026-06
PC-705613,2595.0,4154.83,0.6010905587668594,1,1,1,expenditure_ge_sanctioned,2026-06
PC-705616,2140.0,2540.98,0.187373831775701,1,1,0,expenditure_ge_sanctioned,2026-07
PC-705629,2400.0,2886.02,0.2025083333333333,1,1,1,expenditure_ge_sanctioned,2026-07
PC-705632,647.0,705.66,0.0906646058732612,1,0,0,expenditure_ge_sanctioned,2026-07
PC-705633,3733.0,5552.65,0.4874497723010982,1,1,1,expenditure_ge_sanctioned,2026-06
PC-705635,1432.0,3258.97,1.275817039106145,1,1,1,expenditure_ge_sanctioned,2026-07
PC-705650,5060.0,5511.03,0.08913636363636357,1,0,0,expenditure_ge_sanctioned,2026-06
PC-705651,2478.23,3368.11,0.3590788587015734,1,1,1,"progress_100, expenditure_ge_sanctioned",2026-02
PC-705659,500.0,618.19,0.23638000000000003,1,1,1,expenditure_ge_sanctioned,2026-07
PC-705660,2445.0,3368.46,0.37769325153374234,1,1,1,expenditure_ge_sanctioned,2026-06
PC-705661,1248.0,1839.46,0.4739262820512822,1,1,1,expenditure_ge_sanctioned,2026-07
PC-705662,1878.0,2763.97,0.471762513312034,1,1,1,expenditure_ge_sanctioned,2026-02
PC-705668,3250.0,3297.43,0.01459384615384618,0,0,0,expenditure_ge_sanctioned,2026-07
PC-705694,187.72,141.91,-0.2440336671638611,0,0,0,progress_100,2025-11
PC-705730,4835.0,5098.73,0.054546018614270775,1,0,0,expenditure_ge_sanctioned,2026-06
PC-705735,904.92,1202.73,0.32910091499801086,1,1,1,expenditure_ge_sanctioned,2026-07
PC-705764,495.0,577.16,0.1659797979797979,1,1,0,expenditure_ge_sanctioned,2026-07
PC-705779,1178.0,1489.5,0.26443123938879465,1,1,1,expenditure_ge_sanctioned,2025-11
PC-705782,407.0,444.11,0.0911793611793612,1,0,0,expenditure_ge_sanctioned,2026-07
PC-705784,357.0,579.0,0.6218487394957983,1,1,1,expenditure_ge_sanctioned,2025-11
PC-705793,6806.44,9480.86,0.3929249357960991,1,1,1,expenditure_ge_sanctioned,2026-07
PC-705799,1400.0,1472.0,0.05142857142857138,1,0,0,expenditure_ge_sanctioned,2026-06
PC-705863,950.0,507.02,-0.4662947368421053,0,0,0,progress_100,2025-09
PC-705933,1095.88,1488.18,0.35797715078293235,1,1,1,"progress_100, expenditure_ge_sanctioned",2026-07
PC-706724,1712.0,2670.23,0.5597137850467291,1,1,1,expenditure_ge_sanctioned,2026-07
PC-706757,262.0,387.82,0.4802290076335878,1,1,1,expenditure_ge_sanctioned,2026-06
PC-706763,1080.58,1107.75,0.025143904199596667,0,0,0,expenditure_ge_sanctioned,2026-07
PC-706811,2907.0,3649.08,0.25527347781217746,1,1,1,expenditure_ge_sanctioned,2026-07
PC-706836,466.42,586.33,0.2570858882552207,1,1,1,expenditure_ge_sanctioned,2026-07
PC-706950,744.49,1163.32,0.5625730365753736,1,1,1,expenditure_ge_sanctioned,2026-06
PC-707021,250.0,271.0,0.08400000000000007,1,0,0,expenditure_ge_sanctioned,2026-07
PC-707039,250.0,667.21,1.6688400000000003,1,1,1,expenditure_ge_sanctioned,2026-07
PC-707049,325.0,467.34,0.43796923076923067,1,1,1,expenditure_ge_sanctioned,2026-07
PC-707050,325.0,936.64,1.8819692307692306,1,1,1,expenditure_ge_sanctioned,2026-07
PC-707086,325.0,353.01,0.0861846153846153,1,0,0,expenditure_ge_sanctioned,2026-07
PC-707087,325.0,470.08,0.4463999999999999,1,1,1,expenditure_ge_sanctioned,2026-07
PC-707215,573.0,656.38,0.14551483420593359,1,1,0,expenditure_ge_sanctioned,2026-07
PC-708655,366.8,376.86,0.02742639040348971,0,0,0,expenditure_ge_sanctioned,2025-08
PC-709747,339.35,370.0,0.09031972889347273,1,0,0,expenditure_ge_sanctioned,2026-07
PC-709783,165.13,193.38,0.17107733301035544,1,1,0,expenditure_ge_sanctioned,2026-07
PC-709813,437.21,463.96,0.06118341300519203,1,0,0,expenditure_ge_sanctioned,2026-07
PC-709827,349.75,326.85,-0.06547533952823437,0,0,0,progress_100,2026-02
PC-709839,4144.41,6302.5,0.5207230944814822,1,1,1,expenditure_ge_sanctioned,2026-07
PC-709849,2546.9,3003.9,0.1794338215085005,1,1,0,expenditure_ge_sanctioned,2026-07
PC-709858,810.99,786.86,-0.029753757752869925,0,0,0,progress_100,2025-11
PN-4l_kodinar_-_veraval_package_v-gujarat-nhai,162.73,189.95,0.16727093959319128,1,1,0,expenditure_ge_sanctioned,2026-06
PN-4l_of_bal_works_of_mahuva_to_k-gujarat-nhai,603.08,624.43,0.035401605093851485,0,0,0,expenditure_ge_sanctioned,2026-06
PN-4l_of_bal_works_of_talaja_-_ma-gujarat-nhai,698.4,726.01,0.03953321878579619,0,0,0,expenditure_ge_sanctioned,2026-06
PN-4l_of_bhavnagar_-_talaja_packa-gujarat-nhai,1185.66,1316.53,0.11037734257712994,1,1,0,expenditure_ge_sanctioned,2026-06
PN-4l_of_hubli_-_hospet_section_o-karnataka-nhai,2531.99,3522.85,0.3913364586747974,1,1,1,expenditure_ge_sanctioned,2026-06
PN-617883-redevelopm-,44.0,57.0,0.2954545454545454,1,1,1,expenditure_ge_sanctioned,2026-07
PN-6l_access_controlled_highway_f-delhi-nhai,1467.44,1652.29,0.1259676715913427,1,1,0,expenditure_ge_sanctioned,2026-06
PN-6l_of_chiloda-naroda_section_f-gujarat-nhai,356.6,443.07,0.24248457655636568,1,1,1,expenditure_ge_sanctioned,2026-06
PN-6l_of_it_city_chowk_to_kurali_-punjab-national_highways_au,1525.31,1695.39,0.11150520222118798,1,1,0,expenditure_ge_sanctioned,2026-03
PN-adraj_moti_vijapur_40_kms_6119-gujarat-western_railway_(wr),417.53,513.61,0.23011520130290042,1,1,1,expenditure_ge_sanctioned,2025-12
PN-ahmedabad_-_dholera_pkg_i_from-gujarat-nhai,1298.0,1385.83,0.06766563944530035,1,0,0,expenditure_ge_sanctioned,2026-06
PN-ahmedabad_-_dholera_pkg_ii_fro-gujarat-nhai,1415.34,1785.68,0.2616615088953893,1,1,1,expenditure_ge_sanctioned,2026-06
PN-ahmedabad_metro_rail_project_[-gujarat-gujarat_metro_rail_c,10773.0,12521.43,0.16229741019214705,1,1,0,expenditure_ge_sanctioned,2026-05
PN-aligarh-kanpur_pkg_i_[aligarh--uttar prad-nhai,1226.64,1359.15,0.10802680493054195,1,1,0,expenditure_ge_sanctioned,2026-07
PN-arjun_sahayak_project_400117-uttar prad-irrigation_&_water_r,741.38,3037.68,3.097332002481858,1,1,1,expenditure_ge_sanctioned,2025-09
PN-assam-department-,153.71,266.14,0.731442326458916,1,1,1,expenditure_ge_sanctioned,2026-07
"PN-assam_bio_refinery,_abrpl_6047-assam-ministry_of_petroleu",1750.0,4770.0,1.7257142857142855,1,1,1,expenditure_ge_sanctioned,2025-09
PN-augmentation_of_1x1500_mva_3rd-andhra pra-power_grid_corporati,163.61,163.61,0.0,0,0,0,expenditure_ge_sanctioned,2026-03
PN-balance_work_of_panikoili_rimo-odisha-nhai,183.03,185.4,0.012948696934928616,0,0,0,expenditure_ge_sanctioned,2026-06
"PN-berth_no._2_[previously_berth_-west benga-haldia_dock_complex,",298.26,480.0,0.6093341380004025,1,1,1,expenditure_ge_sanctioned,2026-03
PN-bikaner_solar_power_project_70-rajasthan-satluj_jal_vidyut_ni,5491.89,5523.11,0.005684746052815992,0,0,0,expenditure_ge_sanctioned,2025-12
PN-chakur_loha_section_of_nh-361_-maharashtr-nhai,1241.38,1717.21,0.3833072870515071,1,1,1,expenditure_ge_sanctioned,2026-06
PN-challakere_to_hariyur_section_-karnataka-nhai,1167.52,1243.48,0.06506098396601345,1,0,0,expenditure_ge_sanctioned,2026-06
PN-construction_of_100_bedded_esi-jammu and -employee's_state_ins,131.05,162.05,0.23655093475772593,1,1,1,expenditure_ge_sanctioned,2025-12
PN-construction_of_4/6_laning_fro-assam-nhidcl,511.02,671.35,0.31374505890180426,1,1,1,expenditure_ge_sanctioned,2026-06
PN-construction_of_four-lane_elev-uttar prad-morth,185.09,200.32,0.0822842941271813,1,0,0,expenditure_ge_sanctioned,2026-06
PN-construction_of_oil_jetty_no.8-gujarat-deendayal_port_trust,100.0,186.47,0.8647,1,1,1,expenditure_ge_sanctioned,2026-03
PN-construction_of_tunnels/viaduc-jammu and -national_highways_au,442.14,458.86,0.03781607635590545,0,0,0,expenditure_ge_sanctioned,2026-03
PN-dibrugarh_water_supply_infrast-assam-ministry_of_housing_,186.8,186.8,0.0,0,0,0,expenditure_ge_sanctioned,2025-11
PN-domingarh-gorakhpur-gorakhpur_-uttar prad-north_eastern_railwa,351.0,499.64,0.4234757834757834,1,1,1,expenditure_ge_sanctioned,2025-10
PN-durgawati_reservoir_project_70-bihar-irrigation_and_cad-t,691.15,978.51,0.4157708167546843,1,1,1,expenditure_ge_sanctioned,2025-09
PN-establishment_of_khavda_poolin-gujarat-power_grid_corporati,966.79,966.79,0.0,0,0,0,expenditure_ge_sanctioned,2025-11
PN-ghatampur_thermal_power_plant_-uttar prad-nlc_india_limited_[n,17237.8,21287.24,0.23491628862151792,1,1,1,expenditure_ge_sanctioned,2026-05
PN-gujarat-ministry o-,539.0,623.44,0.15666048237476815,1,1,0,expenditure_ge_sanctioned,2026-05
PN-guwahati_refinery_expansion_[1-assam-ministry_of_petroleu,412.3,487.31,0.18193063303419832,1,1,0,expenditure_ge_sanctioned,2026-05
PN-himmatnagar_khedbrahma_gauge_c-gujarat-western_railway_(wr),482.42,894.4,0.8539861531445627,1,1,1,expenditure_ge_sanctioned,2025-10
PN-hotgi-kudgi-gadag_doubling_pro-multi-stat-south_western_railwa,1878.0,2771.29,0.4756602768903089,1,1,1,expenditure_ge_sanctioned,2026-03
"PN-ioe_projects_[civil_works],_ii-west benga-indian_institute_of_",287.2,310.0,0.0793871866295266,1,0,0,expenditure_ge_sanctioned,2025-09
PN-jammu_and_kashmir-department-,424.93,484.52,0.14023486221259973,1,1,0,expenditure_ge_sanctioned,2026-07
PN-janghai-phaphamau_doubling_rai-uttar prad-rvnl,357.0,844.84,1.366498599439776,1,1,1,expenditure_ge_sanctioned,2025-12
PN-kagvadar_-_una_package-iv_6191-gujarat-nhai,750.53,833.13,0.11005556073707923,1,1,0,expenditure_ge_sanctioned,2026-07
PN-katni_-_bina_third_railway_lin-madhya pra-west_central_railway,2478.23,3368.11,0.3590788587015734,1,1,1,expenditure_ge_sanctioned,2026-03
PN-khurja_super_thermal_power_pla-uttar prad-thdc_india_limited,11089.42,12888.23,0.16220956551379606,1,1,0,expenditure_ge_sanctioned,2025-12
PN-ladakh-ministry o-,480.0,512.55,0.06781249999999983,1,0,0,expenditure_ge_sanctioned,2026-07
PN-lucknow_airport-terminal_3-_ph-uttar prad-adani_airport_holdin,3100.0,3112.57,0.0040548387096774885,0,0,0,expenditure_ge_sanctioned,2025-11
PN-manipur-ministry o-,5111.33,5253.47,0.027808809057525252,0,0,0,expenditure_ge_sanctioned,2025-07
PN-mizoram-ministry o-,5111.33,5577.75,0.0912521789827696,1,0,0,expenditure_ge_sanctioned,2026-07
PN-muzaffarpur_-_sonbarsa_section-bihar-nhai,2290.72,2308.19,0.007626423133338056,0,0,0,expenditure_ge_sanctioned,2026-06
PN-operationalization_of_coastal_-maharashtr-jawaharlal_nehru_por,366.8,376.86,0.02742639040348971,0,0,0,expenditure_ge_sanctioned,2025-09
PN-penukonda_-_dharmavaram_doubli-andhra pra-south_western_railwa,307.66,311.28,0.011766235454722551,0,0,0,expenditure_ge_sanctioned,2026-02
"PN-phephna-indara,_mau-shahganj_d-uttar prad-rvnl_-_i",1178.0,2217.85,0.8827249575551781,1,1,1,expenditure_ge_sanctioned,2025-12
PN-pipli_bhavnagar-package_1_from-gujarat-nhai,819.14,975.85,0.1913103987108431,1,1,0,expenditure_ge_sanctioned,2026-06
"PN-pp_project,_pata_400161-uttar prad-gas_authority_of_ind",910.56,1082.0,0.1882797399402567,1,1,0,expenditure_ge_sanctioned,2026-02
PN-pune_-_miraj-londa_[467_kilome-maharashtr-central_railway,4027.53,4924.05,0.2225979694750877,1,1,1,expenditure_ge_sanctioned,2026-04
PN-rajasthan_refinery_project_701-rajasthan-ministryofpetroleumn,43129.0,70293.57,0.629844652090241,1,1,1,expenditure_ge_sanctioned,2026-06
PN-rajiv_bhima_lift_irrigation_sc-telangana-irrigation_and_cad-t,1402.0,1839.76,0.3122396576319544,1,1,1,expenditure_ge_sanctioned,2026-07
PN-reconstruction_of_existing_2_l-uttarakhan-morth,282.08,352.53,0.24975184344866697,1,1,1,expenditure_ge_sanctioned,2026-06
PN-rehabilitation_and_up_gradatio-mizoram-nhidcl,292.23,298.93,0.022927146425760547,0,0,0,expenditure_ge_sanctioned,2026-07
PN-rehabilitation_and_upgradation-mizoram-nhidcl,206.9,214.51,0.03678105364910578,0,0,0,expenditure_ge_sanctioned,2026-07
PN-rehabilitation_and_upgradation-telangana-morth,220.28,223.79,0.01593426548029786,0,0,0,expenditure_ge_sanctioned,2026-07
PN-salem_-_ulundurpet_section_fro-tamil nadu-nhai,861.23,940.44,0.09197310822892835,1,0,0,expenditure_ge_sanctioned,2026-06
PN-tehri_pumped_storage_plant_pro-uttarakhan-thdc_india_limited,4825.6,8267.03,0.7131610576923078,1,1,1,expenditure_ge_sanctioned,2026-03
PN-thumbipadi-namakkal_from_km._1-tamil nadu-nhai,255.53,392.41,0.535670958400188,1,1,1,expenditure_ge_sanctioned,2026-06
PN-transmission_network_expansion-multi-stat-power_grid_corporati,4546.26,4546.26,0.0,0,0,0,expenditure_ge_sanctioned,2026-05
PN-transmission_scheme_for_evacua-gujarat-power_grid_corporati,2820.99,2820.99,0.0,0,0,0,expenditure_ge_sanctioned,2026-01
PN-transmission_system_for_evacua-gujarat-power_grid_corporati,334.0,334.0,0.0,0,0,0,expenditure_ge_sanctioned,2026-04
PN-transmission_system_for_evacua-jammu and -power_grid_corporati,318.12,318.12,0.0,0,0,0,expenditure_ge_sanctioned,2025-11
PN-transmission_system_for_evacua-maharashtr-power_grid_corporati,224.41,224.41,0.0,0,0,0,expenditure_ge_sanctioned,2026-07
PN-transmission_system_for_evacua-rajasthan-power_grid_corporati,1910.0,1910.0,0.0,0,0,0,expenditure_ge_sanctioned,2026-06
PN-transmission_system_for_kurnoo-multi-stat-power_grid_corporati,3546.94,3546.94,0.0,0,0,0,expenditure_ge_sanctioned,2026-06
PN-transmission_system_for_streng-multi-stat-power_grid_corporati,288.71,288.71,0.0,0,0,0,expenditure_ge_sanctioned,2025-11
PN-transmission_system_strengthen-delhi-power_grid_corporati,359.47,359.47,0.0,0,0,0,expenditure_ge_sanctioned,2025-11
PN-transmission_system_strengthen-multi-stat-power_grid_corporati,1666.0,2218.0,0.3313325330132053,1,1,1,expenditure_ge_sanctioned,2025-11
PN-trivandrum-_kanyakumari_705635-multi-stat-southern_railway_[sr,1432.0,2882.55,1.012953910614525,1,1,1,expenditure_ge_sanctioned,2026-02
PN-upgradatiobn_and_rehabilitatio-maharashtr-morth,224.44,268.45,0.19608804134735336,1,1,0,expenditure_ge_sanctioned,2026-07
PN-vadodara_mumbai_expressway_ena-gujarat-nhai,2271.86,2991.42,0.316727263123608,1,1,1,expenditure_ge_sanctioned,2026-06
PN-vadodara_mumbai_expressway_gan-gujarat-nhai,1710.3,2451.01,0.4330877623808691,1,1,1,expenditure_ge_sanctioned,2026-06
PN-vijapur_ambliyasan_gauge_conve-gujarat-western_railway_(wr),415.38,701.04,0.6877076411960132,1,1,1,expenditure_ge_sanctioned,2025-10
PN-western_region_expansion_schem-chhattisga-power_grid_corporati,385.84,385.84,0.0,0,0,0,expenditure_ge_sanctioned,2025-11
PN-widening_&_strengthening_of_ex-telangana-morth,206.13,318.62,0.5457235725027896,1,1,1,expenditure_ge_sanctioned,2026-06
PN-widening_and_strengthening_of_-telangana-morth,230.03,383.3,0.6663043950789027,1,1,1,expenditure_ge_sanctioned,2026-07
PN-widening_to_two_with_paved_sho-telangana-morth,359.0,724.23,1.0173537604456824,1,1,1,expenditure_ge_sanctioned,2026-07
