project_id,sanctioned_cost,final_cost,cost_overrun_ratio,cost_overrun_5pct,cost_overrun_10pct,cost_overrun_20pct,completion_reason,completion_date,sector,state,size_band,size_band_SMALL,size_band_MEDIUM,size_band_LARGE,size_band_XLARGE,size_band_UNKNOWN,log_sanctioned_cost,cost_revision_ratio,sector_Railways,sector_Transmission & Distribution,sector_Healthcare,sector_Shipping,sector_Roads & Highways,sector_Electricity Generation,sector_Oil & Gas,sector_Aviation & Aviation Infrastructure,sector_Water Resources,sector_PAN India,state_Gujarat,state_Uttar Pradesh,state_Maharashtra,state_Bihar,state_Tamil Nadu,state_Assam,state_Rajasthan,state_Andhra Pradesh,state_Odisha,state_Uttarakhand,completion_by_progress,completion_by_expenditure
PC-701388,1352.53,2689.7,0.9886435051348212,1,1,1,expenditure_ge_sanctioned,2025-07,,Maharashtra,XLARGE,0,0,0,1,0,7.210471273566756,1.0,0,0,0,0,0,0,0,0,0,0,0,0,1,0,0,0,0,0,0,0,0,1
PN-manipur-ministry o-,5111.33,5253.47,0.0278088090575252,0,0,0,expenditure_ge_sanctioned,2025-07,,Ministry of Power,XLARGE,0,0,0,1,0,8.539410547964462,1.0,0,0,0,0,0,0,0,0,0,0,0,0,0,0,0,0,0,0,0,0,0,1
PC-705400,2650.0,4152.4,0.566943396226415,1,1,1,expenditure_ge_sanctioned,2025-07,,Bihar,XLARGE,0,0,0,1,0,7.8826922062890254,1.0,0,0,0,0,0,0,0,0,0,0,0,0,0,1,0,0,0,0,0,0,0,1
PC-701392,973.62,1069.82,0.0988065158891557,1,0,0,expenditure_ge_sanctioned,2025-07,,Maharashtra,LARGE,0,0,1,0,0,6.882047651438331,1.0,0,0,0,0,0,0,0,0,0,0,0,0,1,0,0,0,0,0,0,0,0,1
PC-701384,368.34,724.36,0.966552641581148,1,1,1,expenditure_ge_sanctioned,2025-07,,Maharashtra,MEDIUM,0,1,0,0,0,5.911717629017726,1.0,0,0,0,0,0,0,0,0,0,0,0,0,1,0,0,0,0,0,0,0,0,1
PC-701390,333.87,803.89,1.4077934525414082,1,1,1,"progress_100, expenditure_ge_sanctioned",2025-07,,Maharashtra,MEDIUM,0,1,0,0,0,5.813742396808923,1.0,0,0,0,0,0,0,0,0,0,0,0,0,1,0,0,0,0,0,0,0,1,1
PC-609041,287.2,310.0,0.0793871866295266,1,0,0,expenditure_ge_sanctioned,2025-08,,West Bengal,MEDIUM,0,1,0,0,0,5.663654683565421,1.0,0,0,0,0,0,0,0,0,0,0,0,0,0,0,0,0,0,0,0,0,0,1
PC-701371,691.15,978.51,0.4157708167546843,1,1,1,expenditure_ge_sanctioned,2025-08,,Bihar,LARGE,0,0,1,0,0,6.539802695133744,1.0,0,0,0,0,0,0,0,0,0,0,0,0,0,1,0,0,0,0,0,0,0,1
PC-604792,1750.0,4710.0,1.6914285714285713,1,1,1,expenditure_ge_sanctioned,2025-08,Oil & Gas,Assam,XLARGE,0,0,0,1,0,7.467942332285852,1.0,0,0,0,0,0,0,1,0,0,0,0,0,0,0,0,1,0,0,0,0,0,1
PC-708655,366.8,376.86,0.0274263904034897,0,0,0,expenditure_ge_sanctioned,2025-08,Shipping,Maharashtra,MEDIUM,0,1,0,0,0,5.907539312170221,1.0,0,0,0,1,0,0,0,0,0,0,0,0,1,0,0,0,0,0,0,0,0,1
PC-400117,741.38,3218.3,3.340958752596509,1,1,1,"progress_100, expenditure_ge_sanctioned",2025-08,,Uttar Pradesh,LARGE,0,0,1,0,0,6.609861241453939,1.0,0,0,0,0,0,0,0,0,0,0,0,1,0,0,0,0,0,0,0,0,1,1
PN-durgawati_reservoir_project_70-bihar-irrigation_and_cad-t,691.15,978.51,0.4157708167546843,1,1,1,expenditure_ge_sanctioned,2025-09,Water Resources,Bihar,LARGE,0,0,1,0,0,6.539802695133744,1.0,0,0,0,0,0,0,0,0,1,0,0,0,0,1,0,0,0,0,0,0,0,1
"PN-ioe_projects_[civil_works],_ii-west benga-indian_institute_of_",287.2,310.0,0.0793871866295266,1,0,0,expenditure_ge_sanctioned,2025-09,Education,West Bengal,MEDIUM,0,1,0,0,0,5.663654683565421,1.0,0,0,0,0,0,0,0,0,0,0,0,0,0,0,0,0,0,0,0,0,0,1
PN-arjun_sahayak_project_400117-uttar prad-irrigation_&_water_r,741.38,3037.68,3.097332002481858,1,1,1,expenditure_ge_sanctioned,2025-09,Water Resources,Uttar Pradesh,LARGE,0,0,1,0,0,6.609861241453939,1.0,0,0,0,0,0,0,0,0,1,0,0,1,0,0,0,0,0,0,0,0,0,1
PC-705863,950.0,507.02,-0.4662947368421053,0,0,0,progress_100,2025-09,,Uttar Pradesh,LARGE,0,0,1,0,0,6.85751406254539,1.0,0,0,0,0,0,0,0,0,0,0,0,1,0,0,0,0,0,0,0,0,1,0
PN-operationalization_of_coastal_-maharashtr-jawaharlal_nehru_por,366.8,376.86,0.0274263904034897,0,0,0,expenditure_ge_sanctioned,2025-09,Shipping,Maharashtra,MEDIUM,0,1,0,0,0,5.907539312170221,1.0,0,0,0,1,0,0,0,0,0,0,0,0,1,0,0,0,0,0,0,0,0,1
PC-705566,351.0,499.64,0.4234757834757834,1,1,1,expenditure_ge_sanctioned,2025-09,,Uttar Pradesh,MEDIUM,0,1,0,0,0,5.863631175598097,1.0,0,0,0,0,0,0,0,0,0,0,0,1,0,0,0,0,0,0,0,0,0,1
"PN-assam_bio_refinery,_abrpl_6047-assam-ministry_of_petroleu",1750.0,4770.0,1.7257142857142855,1,1,1,expenditure_ge_sanctioned,2025-09,Oil & Gas,Assam,XLARGE,0,0,0,1,0,7.467942332285852,1.0,0,0,0,0,0,0,1,0,0,0,0,0,0,0,0,1,0,0,0,0,0,1
PN-domingarh-gorakhpur-gorakhpur_-uttar prad-north_eastern_railwa,351.0,499.64,0.4234757834757834,1,1,1,expenditure_ge_sanctioned,2025-10,Railways,Uttar Pradesh,MEDIUM,0,1,0,0,0,5.863631175598097,1.0,1,0,0,0,0,0,0,0,0,0,0,1,0,0,0,0,0,0,0,0,0,1
PC-612688,211.13,198.95,-0.0576895751432766,0,0,0,progress_100,2025-10,Healthcare,Telangana,MEDIUM,0,1,0,0,0,5.357199294284259,1.0,0,0,1,0,0,0,0,0,0,0,0,0,0,0,0,0,0,0,0,0,1,0
PN-himmatnagar_khedbrahma_gauge_c-gujarat-western_railway_(wr),482.42,894.4,0.8539861531445627,1,1,1,expenditure_ge_sanctioned,2025-10,Railways,Gujarat,MEDIUM,0,1,0,0,0,6.18088584101716,1.0,1,0,0,0,0,0,0,0,0,0,1,0,0,0,0,0,0,0,0,0,0,1
PC-702682,186.8,1664.41,7.910117773019271,1,1,1,"progress_100, expenditure_ge_sanctioned",2025-10,Waste & Water,Assam,MEDIUM,0,1,0,0,0,5.235377566774162,1.0,0,0,0,0,0,0,0,0,0,0,0,0,0,0,0,1,0,0,0,0,1,1
PC-611737,385.84,382.4,-0.0089156126891976,0,0,0,progress_100,2025-10,,Chhattisgarh,MEDIUM,0,1,0,0,0,5.958011170848763,1.0,0,0,0,0,0,0,0,0,0,0,0,0,0,0,0,0,0,0,0,0,1,0
PC-608302,318.12,317.12,-0.0031434678737582,0,0,0,progress_100,2025-10,,Jammu and Kashmir,MEDIUM,0,1,0,0,0,5.765567207597151,1.0,0,0,0,0,0,0,0,0,0,0,0,0,0,0,0,0,0,0,0,0,1,0
PN-vijapur_ambliyasan_gauge_conve-gujarat-western_railway_(wr),415.38,701.04,0.6877076411960132,1,1,1,expenditure_ge_sanctioned,2025-10,Railways,Gujarat,MEDIUM,0,1,0,0,0,6.031598304847628,1.0,1,0,0,0,0,0,0,0,0,0,1,0,0,0,0,0,0,0,0,0,0,1
PC-701091,3100.0,16024.42,4.169167741935484,1,1,1,"progress_100, expenditure_ge_sanctioned",2025-10,Aviation & Aviation Infrastructure,Uttar Pradesh,XLARGE,0,0,0,1,0,8.03947991910045,1.0,0,0,0,0,0,0,0,1,0,0,0,1,0,0,0,0,0,0,0,0,1,1
PC-608922,1666.0,2129.28,0.2780792316926772,1,1,1,expenditure_ge_sanctioned,2025-10,,"Multi-States (Delhi, Haryana, Rajasthan)",XLARGE,0,0,0,1,0,7.418780882750794,1.0,0,0,0,0,0,0,0,0,0,0,0,0,0,0,0,0,0,0,0,0,0,1
PN-transmission_system_for_evacua-jammu and -power_grid_corporati,318.12,318.12,0.0,0,0,0,expenditure_ge_sanctioned,2025-11,Transmission & Distribution,Jammu and Kashmir,MEDIUM,0,1,0,0,0,5.765567207597151,1.0,0,1,0,0,0,0,0,0,0,0,0,0,0,0,0,0,0,0,0,0,0,1
PC-705694,187.72,141.91,-0.2440336671638611,0,0,0,progress_100,2025-11,,Delhi,MEDIUM,0,1,0,0,0,5.240264435099419,1.0,0,0,0,0,0,0,0,0,0,0,0,0,0,0,0,0,0,0,0,0,1,0
PC-400065,1105.23,790.11,-0.2851171249423196,0,0,0,progress_100,2025-11,Steel,Odisha,XLARGE,0,0,0,1,0,7.0087131170626655,1.0,0,0,0,0,0,0,0,0,0,0,0,0,0,0,0,0,0,0,1,0,1,0
PN-western_region_expansion_schem-chhattisga-power_grid_corporati,385.84,385.84,0.0,0,0,0,expenditure_ge_sanctioned,2025-11,Transmission & Distribution,Chhattisgarh,MEDIUM,0,1,0,0,0,5.958011170848763,1.0,0,1,0,0,0,0,0,0,0,0,0,0,0,0,0,0,0,0,0,0,0,1
PC-611937,417.53,502.23,0.2028596747539099,1,1,1,expenditure_ge_sanctioned,2025-11,,Gujarat,MEDIUM,0,1,0,0,0,6.036748571948126,1.0,0,0,0,0,0,0,0,0,0,0,1,0,0,0,0,0,0,0,0,0,0,1
PC-612063,219.18,215.51,-0.0167442284880008,0,0,0,progress_100,2025-11,Aviation & Aviation Infrastructure,Uttar Pradesh,MEDIUM,0,1,0,0,0,5.394445393642257,1.0,0,0,0,0,0,0,0,1,0,0,0,1,0,0,0,0,0,0,0,0,1,0
PC-612239,131.05,162.05,0.2365509347577259,1,1,1,expenditure_ge_sanctioned,2025-11,Healthcare,Jammu and Kashmir,MEDIUM,0,1,0,0,0,4.883180638743141,1.0,0,0,1,0,0,0,0,0,0,0,0,0,0,0,0,0,0,0,0,0,0,1
PC-705779,1178.0,1489.5,0.2644312393887946,1,1,1,expenditure_ge_sanctioned,2025-11,,Uttar Pradesh,XLARGE,0,0,0,1,0,7.072421900537371,1.0,0,0,0,0,0,0,0,0,0,0,0,1,0,0,0,0,0,0,0,0,0,1
PC-705784,357.0,579.0,0.6218487394957983,1,1,1,expenditure_ge_sanctioned,2025-11,,Uttar Pradesh,MEDIUM,0,1,0,0,0,5.8805329864007,1.0,0,0,0,0,0,0,0,0,0,0,0,1,0,0,0,0,0,0,0,0,0,1
PN-lucknow_airport-terminal_3-_ph-uttar prad-adani_airport_holdin,3100.0,3112.57,0.0040548387096774,0,0,0,expenditure_ge_sanctioned,2025-11,Aviation & Aviation Infrastructure,Uttar Pradesh,XLARGE,0,0,0,1,0,8.03947991910045,1.0,0,0,0,0,0,0,0,1,0,0,0,1,0,0,0,0,0,0,0,0,0,1
PC-602194,11089.42,12951.99,0.1679591899305825,1,1,0,"progress_100, expenditure_ge_sanctioned",2025-11,Electricity Generation,Uttar Pradesh,XLARGE,0,0,0,1,0,9.313836951584006,1.0,0,0,0,0,0,1,0,0,0,0,0,1,0,0,0,0,0,0,0,0,1,1
PN-transmission_system_strengthen-delhi-power_grid_corporati,359.47,359.47,0.0,0,0,0,expenditure_ge_sanctioned,2025-11,Transmission & Distribution,Delhi,MEDIUM,0,1,0,0,0,5.887408735509094,1.0,0,1,0,0,0,0,0,0,0,0,0,0,0,0,0,0,0,0,0,0,0,1
PN-transmission_system_for_streng-multi-stat-power_grid_corporati,288.71,288.71,0.0,0,0,0,expenditure_ge_sanctioned,2025-11,Transmission & Distribution,"Multi-States (Jammu and Kashmir, Ladakh)",MEDIUM,0,1,0,0,0,5.668880422646936,1.0,0,1,0,0,0,0,0,0,0,0,0,0,0,0,0,0,0,0,0,0,0,1
PN-establishment_of_khavda_poolin-gujarat-power_grid_corporati,966.79,966.79,0.0,0,0,0,expenditure_ge_sanctioned,2025-11,Transmission & Distribution,Gujarat,LARGE,0,0,1,0,0,6.875015121592464,1.0,0,1,0,0,0,0,0,0,0,0,1,0,0,0,0,0,0,0,0,0,0,1
PC-709858,810.99,786.86,-0.0297537577528699,0,0,0,progress_100,2025-11,,PAN India,LARGE,0,0,1,0,0,6.699488024814908,1.0,0,0,0,0,0,0,0,0,0,0,0,0,0,0,0,0,0,0,0,0,1,0
PN-dibrugarh_water_supply_infrast-assam-ministry_of_housing_,186.8,186.8,0.0,0,0,0,expenditure_ge_sanctioned,2025-11,Waste & Water,Assam,MEDIUM,0,1,0,0,0,5.235377566774162,1.0,0,0,0,0,0,0,0,0,0,0,0,0,0,0,0,1,0,0,0,0,0,1
PN-transmission_system_strengthen-multi-stat-power_grid_corporati,1666.0,2218.0,0.3313325330132053,1,1,1,expenditure_ge_sanctioned,2025-11,Transmission & Distribution,"Multi-States (Delhi, Haryana, Rajasthan)",XLARGE,0,0,0,1,0,7.418780882750794,1.0,0,1,0,0,0,0,0,0,0,0,0,0,0,0,0,0,0,0,0,0,0,1
PN-khurja_super_thermal_power_pla-uttar prad-thdc_india_limited,11089.42,12888.23,0.162209565513796,1,1,0,expenditure_ge_sanctioned,2025-12,Electricity Generation,Uttar Pradesh,XLARGE,0,0,0,1,0,9.313836951584006,1.0,0,0,0,0,0,1,0,0,0,0,0,1,0,0,0,0,0,0,0,0,0,1
PN-janghai-phaphamau_doubling_rai-uttar prad-rvnl,357.0,844.84,1.366498599439776,1,1,1,expenditure_ge_sanctioned,2025-12,,Uttar Pradesh,MEDIUM,0,1,0,0,0,5.8805329864007,1.0,0,0,0,0,0,0,0,0,0,0,0,1,0,0,0,0,0,0,0,0,0,1
PN-adraj_moti_vijapur_40_kms_6119-gujarat-western_railway_(wr),417.53,513.61,0.2301152013029004,1,1,1,expenditure_ge_sanctioned,2025-12,Railways,Gujarat,MEDIUM,0,1,0,0,0,6.036748571948126,1.0,1,0,0,0,0,0,0,0,0,0,1,0,0,0,0,0,0,0,0,0,0,1
PN-bikaner_solar_power_project_70-rajasthan-satluj_jal_vidyut_ni,5491.89,5523.11,0.0056847460528159,0,0,0,expenditure_ge_sanctioned,2025-12,Electricity Generation,Rajasthan,XLARGE,0,0,0,1,0,8.611209807655124,1.0,0,0,0,0,0,1,0,0,0,0,0,0,0,0,0,0,1,0,0,0,0,1
PN-construction_of_100_bedded_esi-jammu and -employee's_state_ins,131.05,162.05,0.2365509347577259,1,1,1,expenditure_ge_sanctioned,2025-12,Healthcare,Jammu and Kashmir,MEDIUM,0,1,0,0,0,4.883180638743141,1.0,0,0,1,0,0,0,0,0,0,0,0,0,0,0,0,0,0,0,0,0,0,1
"PN-phephna-indara,_mau-shahganj_d-uttar prad-rvnl_-_i",1178.0,2217.85,0.8827249575551781,1,1,1,expenditure_ge_sanctioned,2025-12,Railways,Uttar Pradesh,XLARGE,0,0,0,1,0,7.072421900537371,1.0,1,0,0,0,0,0,0,0,0,0,0,1,0,0,0,0,0,0,0,0,0,1
PN-transmission_scheme_for_evacua-gujarat-power_grid_corporati,2820.99,2820.99,0.0,0,0,0,expenditure_ge_sanctioned,2026-01,Transmission & Distribution,Gujarat,XLARGE,0,0,0,1,0,7.945197588820371,1.0,0,1,0,0,0,0,0,0,0,0,1,0,0,0,0,0,0,0,0,0,0,1
PC-702948,235.73,221.27,-0.0613413651211131,0,0,0,progress_100,2026-01,,Uttar Pradesh,MEDIUM,0,1,0,0,0,5.466920251201053,1.0,0,0,0,0,0,0,0,0,0,0,0,1,0,0,0,0,0,0,0,0,1,0
PC-400161,910.56,1073.0,0.178395712528554,1,1,0,expenditure_ge_sanctioned,2026-01,,Uttar Pradesh,LARGE,0,0,1,0,0,6.815157417514571,1.0,0,0,0,0,0,0,0,0,0,0,0,1,0,0,0,0,0,0,0,0,0,1
PC-701600,336.89,241.23,-0.283950250823711,0,0,0,progress_100,2026-02,Telecommunication,"Multi-States (Bihar, Gujarat, Himachal Pradesh, Jammu and Kashmir, Ladakh, Rajasthan, Uttar Pradesh)",MEDIUM,0,1,0,0,0,5.822720398727715,1.0,0,0,0,0,0,0,0,0,0,0,0,0,0,0,0,0,0,0,0,0,1,0
PC-702631,5384.17,5019.61,-0.0677096005512456,0,0,0,progress_100,2026-02,Urban Public Transport,Gujarat,XLARGE,0,0,0,1,0,8.591404158265824,1.0,0,0,0,0,0,0,0,0,0,0,1,0,0,0,0,0,0,0,0,0,1,0
PC-701568,100.0,186.47,0.8647,1,1,1,expenditure_ge_sanctioned,2026-02,Shipping,Gujarat,MEDIUM,0,1,0,0,0,4.61512051684126,1.0,0,0,0,1,0,0,0,0,0,0,1,0,0,0,0,0,0,0,0,0,0,1
PC-602193,4825.6,8213.03,0.7019707393899204,1,1,1,expenditure_ge_sanctioned,2026-02,,Uttarakhand,XLARGE,0,0,0,1,0,8.481897565021512,1.0,0,0,0,0,0,0,0,0,0,0,0,0,0,0,0,0,0,0,0,1,0,1
PC-618575,457.72,371.63,-0.1880844184217426,0,0,0,progress_100,2026-02,,Assam,MEDIUM,0,1,0,0,0,6.12844000213506,1.0,0,0,0,0,0,0,0,0,0,0,0,0,0,0,0,1,0,0,0,0,1,0
PC-709827,349.75,326.85,-0.0654753395282343,0,0,0,progress_100,2026-02,Steel,Chhattisgarh,MEDIUM,0,1,0,0,0,5.86007371898257,1.0,0,0,0,0,0,0,0,0,0,0,0,0,0,0,0,0,0,0,0,0,1,0
PC-618696,1281.47,349.37,-0.7273677885553309,0,0,0,progress_100,2026-02,,"Multi-States (Andhra Pradesh, Karnataka)",XLARGE,0,0,0,1,0,7.156543184958466,1.0,0,0,0,0,0,0,0,0,0,0,0,0,0,0,0,0,0,0,0,0,1,0
PN-trivandrum-_kanyakumari_705635-multi-stat-southern_railway_[sr,1432.0,2882.55,1.012953910614525,1,1,1,expenditure_ge_sanctioned,2026-02,Railways,"Multi-States (Kerala, Tamil Nadu)",XLARGE,0,0,0,1,0,7.267525427828172,1.0,1,0,0,0,0,0,0,0,0,0,0,0,0,0,0,0,0,0,0,0,0,1
PC-701576,298.26,480.0,0.6093341380004025,1,1,1,"progress_100, expenditure_ge_sanctioned",2026-02,Shipping,West Bengal,MEDIUM,0,1,0,0,0,5.701312760755274,1.0,0,0,0,1,0,0,0,0,0,0,0,0,0,0,0,0,0,0,0,0,1,1
PC-618789,1525.31,1689.83,0.107860041565321,1,1,0,expenditure_ge_sanctioned,2026-02,,Punjab,XLARGE,0,0,0,1,0,7.330608336691529,1.0,0,0,0,0,0,0,0,0,0,0,0,0,0,0,0,0,0,0,0,0,0,1
PC-705651,2478.23,3368.11,0.3590788587015734,1,1,1,"progress_100, expenditure_ge_sanctioned",2026-02,,Madhya Pradesh,XLARGE,0,0,0,1,0,7.815703307077964,1.0,0,0,0,0,0,0,0,0,0,0,0,0,0,0,0,0,0,0,0,0,1,1
PC-619115,796.77,201.53,-0.7470662801059277,0,0,0,progress_100,2026-02,,Karnataka,LARGE,0,0,1,0,0,6.681820335354905,1.0,0,0,0,0,0,0,0,0,0,0,0,0,0,0,0,0,0,0,0,0,1,0
PC-705662,1878.0,2763.97,0.471762513312034,1,1,1,expenditure_ge_sanctioned,2026-02,,"Multi-States (Karnataka, Maharashtra)",XLARGE,0,0,0,1,0,7.538494999413465,1.0,0,0,0,0,0,0,0,0,0,0,0,0,0,0,0,0,0,0,0,0,0,1
"PN-pp_project,_pata_400161-uttar prad-gas_authority_of_ind",910.56,1082.0,0.1882797399402567,1,1,0,expenditure_ge_sanctioned,2026-02,Oil & Gas,Uttar Pradesh,LARGE,0,0,1,0,0,6.815157417514571,1.0,0,0,0,0,0,0,1,0,0,0,0,1,0,0,0,0,0,0,0,0,0,1
PC-612185,209.36,202.62,-0.0321933511654566,0,0,0,progress_100,2026-02,Healthcare,Gujarat,MEDIUM,0,1,0,0,0,5.348820348721143,1.0,0,0,1,0,0,0,0,0,0,0,1,0,0,0,0,0,0,0,0,0,1,0
PN-penukonda_-_dharmavaram_doubli-andhra pra-south_western_railwa,307.66,311.28,0.0117662354547225,0,0,0,expenditure_ge_sanctioned,2026-02,Railways,Andhra Pradesh,MEDIUM,0,1,0,0,0,5.732240347472685,1.0,1,0,0,0,0,0,0,0,0,0,0,0,0,0,0,0,0,1,0,0,0,1
PC-611142,177.0,383.41,1.1661581920903958,1,1,1,"progress_100, expenditure_ge_sanctioned",2026-03,Inland Waterways,Offshore,MEDIUM,0,1,0,0,0,5.181783550292085,1.0,0,0,0,0,0,0,0,0,0,0,0,0,0,0,0,0,0,0,0,0,1,1
PN-6l_of_it_city_chowk_to_kurali_-punjab-national_highways_au,1525.31,1695.39,0.1115052022211879,1,1,0,expenditure_ge_sanctioned,2026-03,,Punjab,XLARGE,0,0,0,1,0,7.330608336691529,1.0,0,0,0,0,0,0,0,0,0,0,0,0,0,0,0,0,0,0,0,0,0,1
PN-augmentation_of_1x1500_mva_3rd-andhra pra-power_grid_corporati,163.61,163.61,0.0,0,0,0,expenditure_ge_sanctioned,2026-03,Transmission & Distribution,Andhra Pradesh,MEDIUM,0,1,0,0,0,5.103579039738994,1.0,0,1,0,0,0,0,0,0,0,0,0,0,0,0,0,0,0,1,0,0,0,1
"PN-berth_no._2_[previously_berth_-west benga-haldia_dock_complex,",298.26,480.0,0.6093341380004025,1,1,1,expenditure_ge_sanctioned,2026-03,Shipping,West Bengal,MEDIUM,0,1,0,0,0,5.701312760755274,1.0,0,0,0,1,0,0,0,0,0,0,0,0,0,0,0,0,0,0,0,0,0,1
PN-tehri_pumped_storage_plant_pro-uttarakhan-thdc_india_limited,4825.6,8267.03,0.7131610576923078,1,1,1,expenditure_ge_sanctioned,2026-03,Electricity Generation,Uttarakhand,XLARGE,0,0,0,1,0,8.481897565021512,1.0,0,0,0,0,0,1,0,0,0,0,0,0,0,0,0,0,0,0,0,1,0,1
PN-construction_of_oil_jetty_no.8-gujarat-deendayal_port_trust,100.0,186.47,0.8647,1,1,1,expenditure_ge_sanctioned,2026-03,Shipping,Gujarat,MEDIUM,0,1,0,0,0,4.61512051684126,1.0,0,0,0,1,0,0,0,0,0,0,1,0,0,0,0,0,0,0,0,0,0,1
PN-katni_-_bina_third_railway_lin-madhya pra-west_central_railway,2478.23,3368.11,0.3590788587015734,1,1,1,expenditure_ge_sanctioned,2026-03,Railways,Madhya Pradesh,XLARGE,0,0,0,1,0,7.815703307077964,1.0,1,0,0,0,0,0,0,0,0,0,0,0,0,0,0,0,0,0,0,0,0,1
PC-705503,4027.53,5248.72,0.3032106526829099,1,1,1,"progress_100, expenditure_ge_sanctioned",2026-03,,Maharashtra,XLARGE,0,0,0,1,0,8.301156824130071,1.0,0,0,0,0,0,0,0,0,0,0,0,0,1,0,0,0,0,0,0,0,1,1
PC-702798,362.31,332.05,-0.0835196378791642,0,0,0,progress_100,2026-03,,Madhya Pradesh,MEDIUM,0,1,0,0,0,5.895256464309389,1.0,0,0,0,0,0,0,0,0,0,0,0,0,0,0,0,0,0,0,0,0,1,0
PN-construction_of_tunnels/viaduc-jammu and -national_highways_au,442.14,458.86,0.0378160763559054,0,0,0,expenditure_ge_sanctioned,2026-03,,Jammu and Kashmir,MEDIUM,0,1,0,0,0,6.09388574720713,1.0,0,0,0,0,0,0,0,0,0,0,0,0,0,0,0,0,0,0,0,0,0,1
PC-702735,213.19,180.32,-0.1541817158403302,0,0,0,progress_100,2026-03,,Haryana,MEDIUM,0,1,0,0,0,5.366863471583051,1.0,0,0,0,0,0,0,0,0,0,0,0,0,0,0,0,0,0,0,0,0,1,0
PC-612178,152.95,127.22,-0.1682249101013402,0,0,0,progress_100,2026-03,Healthcare,Tamil Nadu,MEDIUM,0,1,0,0,0,5.0366278743705095,1.0,0,0,1,0,0,0,0,0,0,0,0,0,0,0,1,0,0,0,0,0,1,0
PN-hotgi-kudgi-gadag_doubling_pro-multi-stat-south_western_railwa,1878.0,2771.29,0.4756602768903089,1,1,1,expenditure_ge_sanctioned,2026-03,Railways,"Multi-States (Karnataka, Maharashtra)",XLARGE,0,0,0,1,0,7.538494999413465,1.0,1,0,0,0,0,0,0,0,0,0,0,0,0,0,0,0,0,0,0,0,0,1
PC-400112,7222.95,10516.63,0.4560020490242906,1,1,1,expenditure_ge_sanctioned,2026-04,,Maharashtra,XLARGE,0,0,0,1,0,8.885157173699668,1.0,0,0,0,0,0,0,0,0,0,0,0,0,1,0,0,0,0,0,0,0,0,1
PC-619137,1024.69,882.1,-0.1391542808068782,0,0,0,progress_100,2026-04,,Gujarat,XLARGE,0,0,0,1,0,6.933120835826432,1.0,0,0,0,0,0,0,0,0,0,0,1,0,0,0,0,0,0,0,0,0,1,0
PC-400105,580.79,713.46,0.2284302415675203,1,1,1,expenditure_ge_sanctioned,2026-04,,Maharashtra,LARGE,0,0,1,0,0,6.366109557876259,1.0,0,0,0,0,0,0,0,0,0,0,0,0,1,0,0,0,0,0,0,0,0,1
PN-transmission_system_for_evacua-gujarat-power_grid_corporati,334.0,334.0,0.0,0,0,0,expenditure_ge_sanctioned,2026-04,Transmission & Distribution,Gujarat,MEDIUM,0,1,0,0,0,5.814130531825066,1.0,0,1,0,0,0,0,0,0,0,0,1,0,0,0,0,0,0,0,0,0,0,1
PC-400107,2407.67,2779.38,0.1543857754592614,1,1,0,expenditure_ge_sanctioned,2026-04,,Maharashtra,XLARGE,0,0,0,1,0,7.786830006930021,1.0,0,0,0,0,0,0,0,0,0,0,0,0,1,0,0,0,0,0,0,0,0,1
PC-400259,17237.8,21237.52,0.2320319298286324,1,1,1,expenditure_ge_sanctioned,2026-04,,Uttar Pradesh,XLARGE,0,0,0,1,0,9.754917936226658,1.0,0,0,0,0,0,0,0,0,0,0,0,1,0,0,0,0,0,0,0,0,0,1
PC-619070,839.0,8.42,-0.9899642431466033,0,0,0,progress_100,2026-04,,Karnataka,LARGE,0,0,1,0,0,6.733401891837359,1.0,0,0,0,0,0,0,0,0,0,0,0,0,0,0,0,0,0,0,0,0,1,0
PC-607701,412.3,457.64,0.1099684695609992,1,1,0,expenditure_ge_sanctioned,2026-04,Oil & Gas,Assam,MEDIUM,0,1,0,0,0,6.024173721517687,1.0,0,0,0,0,0,0,1,0,0,0,0,0,0,0,0,1,0,0,0,0,0,1
PC-615327,218.03,169.95,-0.2205201119112049,0,0,0,progress_100,2026-04,,Tamil Nadu,MEDIUM,0,1,0,0,0,5.389208706736104,1.0,0,0,0,0,0,0,0,0,0,0,0,0,0,0,1,0,0,0,0,0,1,0
PC-612819,1813.0,1753.07,-0.0330557087699945,0,0,0,progress_100,2026-04,,Rajasthan,XLARGE,0,0,0,1,0,7.503289630675082,1.0,0,0,0,0,0,0,0,0,0,0,0,0,0,0,0,0,1,0,0,0,1,0
PC-702639,10773.0,12520.65,0.1622250069618489,1,1,0,expenditure_ge_sanctioned,2026-04,Urban Public Transport,Gujarat,XLARGE,0,0,0,1,0,9.28489110324048,1.0,0,0,0,0,0,0,0,0,0,0,1,0,0,0,0,0,0,0,0,0,0,1
PN-pune_-_miraj-londa_[467_kilome-maharashtr-central_railway,4027.53,4924.05,0.2225979694750877,1,1,1,expenditure_ge_sanctioned,2026-04,Railways,Maharashtra,XLARGE,0,0,0,1,0,8.301156824130071,1.0,1,0,0,0,0,0,0,0,0,0,0,0,1,0,0,0,0,0,0,0,0,1
PC-618755,159.53,72.44,-0.5459161286278443,0,0,0,progress_100,2026-05,,"Multi-States (Rajasthan, Uttar Pradesh)",MEDIUM,0,1,0,0,0,5.078480840991323,1.0,0,0,0,0,0,0,0,0,0,0,0,0,0,0,0,0,0,0,0,0,1,0
PC-618748,569.37,355.88,-0.3749582872297452,0,0,0,progress_100,2026-05,,Andhra Pradesh,LARGE,0,0,1,0,0,6.346285273046531,1.0,0,0,0,0,0,0,0,0,0,0,0,0,0,0,0,0,0,1,0,0,1,0
PC-618743,876.88,66.59,-0.924060304716723,0,0,0,progress_100,2026-05,,Tamil Nadu,LARGE,0,0,1,0,0,6.777509910034658,1.0,0,0,0,0,0,0,0,0,0,0,0,0,0,0,1,0,0,0,0,0,1,0
PC-619320,2290.72,468.71,-0.7953874764266257,0,0,0,progress_100,2026-05,Roads & Highways,Bihar,XLARGE,0,0,0,1,0,7.7370579063231295,1.0,0,0,0,0,1,0,0,0,0,0,0,0,0,1,0,0,0,0,0,0,1,0
PC-618699,819.14,188.7,-0.7696364479820299,0,0,0,progress_100,2026-05,,Gujarat,LARGE,0,0,1,0,0,6.709475057392616,1.0,0,0,0,0,0,0,0,0,0,0,1,0,0,0,0,0,0,0,0,0,1,0
PC-619122,1479.22,1351.78,-0.0861535133381106,0,0,0,progress_100,2026-05,,"Multi-States (Delhi, Uttar Pradesh)",XLARGE,0,0,0,1,0,7.299946004359694,1.0,0,0,0,0,0,0,0,0,0,0,0,0,0,0,0,0,0,0,0,0,1,0
PC-618652,1241.38,785.13,-0.3675345180363789,0,0,0,progress_100,2026-05,,Maharashtra,XLARGE,0,0,0,1,0,7.124784173829824,1.0,0,0,0,0,0,0,0,0,0,0,0,0,1,0,0,0,0,0,0,0,1,0
PC-618118,174.34,63.55,-0.6354823907307561,0,0,0,progress_100,2026-05,,Rajasthan,MEDIUM,0,1,0,0,0,5.1667269461604395,1.0,0,0,0,0,0,0,0,0,0,0,0,0,0,0,0,0,1,0,0,0,1,0
PC-618583,1358.77,713.95,-0.474561551991875,0,0,0,progress_100,2026-05,,Bihar,XLARGE,0,0,0,1,0,7.215070846781037,1.0,0,0,0,0,0,0,0,0,0,0,0,0,0,1,0,0,0,0,0,0,1,0
PC-618582,1282.97,599.36,-0.5328339711762551,0,0,0,progress_100,2026-05,,Bihar,XLARGE,0,0,0,1,0,7.157712119490971,1.0,0,0,0,0,0,0,0,0,0,0,0,0,0,1,0,0,0,0,0,0,1,0
PC-617891,186.29,66.7,-0.6419560899672554,0,0,0,progress_100,2026-05,,Rajasthan,MEDIUM,0,1,0,0,0,5.232658217741762,1.0,0,0,0,0,0,0,0,0,0,0,0,0,0,0,0,0,1,0,0,0,1,0
PC-618578,1467.44,1615.93,0.1011898271820312,1,1,0,expenditure_ge_sanctioned,2026-05,,Delhi,XLARGE,0,0,0,1,0,7.291955891785577,1.0,0,0,0,0,0,0,0,0,0,0,0,0,0,0,0,0,0,0,0,0,0,1
PC-617907,436.09,221.22,-0.4927193927858928,0,0,0,progress_100,2026-05,Roads & Highways,Andhra Pradesh,MEDIUM,0,1,0,0,0,6.080139123547622,1.0,0,0,0,0,1,0,0,0,0,0,0,0,0,0,0,0,0,1,0,0,1,0
PC-618562,579.0,1.4,-0.9975820379965458,0,0,0,progress_100,2026-05,,Tamil Nadu,LARGE,0,0,1,0,0,6.363028103540465,1.0,0,0,0,0,0,0,0,0,0,0,0,0,0,0,1,0,0,0,0,0,1,0
PC-618553,957.62,758.67,-0.2077546417159207,0,0,0,progress_100,2026-05,,Uttar Pradesh,LARGE,0,0,1,0,0,6.865494750267535,1.0,0,0,0,0,0,0,0,0,0,0,0,1,0,0,0,0,0,0,0,0,1,0
PC-617924,300.33,82.33,-0.7258682116338694,0,0,0,progress_100,2026-05,,Odisha,MEDIUM,0,1,0,0,0,5.708206009715981,1.0,0,0,0,0,0,0,0,0,0,0,0,0,0,0,0,0,0,0,1,0,1,0
PC-618773,449.85,1.17,-0.997399133044348,0,0,0,progress_100,2026-05,,Tamil Nadu,MEDIUM,0,1,0,0,0,6.111134689945915,1.0,0,0,0,0,0,0,0,0,0,0,0,0,0,0,1,0,0,0,0,0,1,0
PC-618774,984.63,798.12,-0.1894214070259894,0,0,0,progress_100,2026-05,,Bihar,LARGE,0,0,1,0,0,6.8932810306277075,1.0,0,0,0,0,0,0,0,0,0,0,0,0,0,1,0,0,0,0,0,0,1,0
PN-gujarat-ministry o-,539.0,623.44,0.1566604823747681,1,1,0,expenditure_ge_sanctioned,2026-05,,Ministry of Housing & Urban Affairs,LARGE,0,0,1,0,0,6.29156913955832,1.0,0,0,0,0,0,0,0,0,0,0,0,0,0,0,0,0,0,0,0,0,0,1
PC-618515,1479.3,1178.31,-0.2034678564185763,0,0,0,progress_100,2026-05,,"Multi-States (Karnataka, Maharashtra)",XLARGE,0,0,0,1,0,7.300000048919446,1.0,0,0,0,0,0,0,0,0,0,0,0,0,0,0,0,0,0,0,0,0,1,0
PC-619083,255.53,206.64,-0.1913278284350175,0,0,0,progress_100,2026-05,,Tamil Nadu,MEDIUM,0,1,0,0,0,5.547245616835974,1.0,0,0,0,0,0,0,0,0,0,0,0,0,0,0,1,0,0,0,0,0,1,0
PC-619067,356.6,104.04,-0.708244531688166,0,0,0,progress_100,2026-05,,Gujarat,MEDIUM,0,1,0,0,0,5.8794150432993595,1.0,0,0,0,0,0,0,0,0,0,0,1,0,0,0,0,0,0,0,0,0,1,0
PC-619063,1636.15,1278.04,-0.2188735751612016,0,0,0,progress_100,2026-05,,Rajasthan,XLARGE,0,0,0,1,0,7.400712204205645,1.0,0,0,0,0,0,0,0,0,0,0,0,0,0,0,0,0,1,0,0,0,1,0
PC-701263,43129.0,69996.68,0.6229608847874979,1,1,1,expenditure_ge_sanctioned,2026-05,Energy Storage,Rajasthan,XLARGE,0,0,0,1,0,10.671974089641889,1.0,0,0,0,0,0,0,0,0,0,0,0,0,0,0,0,0,1,0,0,0,0,1
PC-618959,1017.99,406.6,-0.600585467440741,0,0,0,progress_100,2026-05,,Uttar Pradesh,XLARGE,0,0,0,1,0,6.926567219631883,1.0,0,0,0,0,0,0,0,0,0,0,0,1,0,0,0,0,0,0,0,0,1,0
PC-618943,861.23,140.31,-0.8370818480545267,0,0,0,progress_100,2026-05,,Tamil Nadu,LARGE,0,0,1,0,0,6.759522056418916,1.0,0,0,0,0,0,0,0,0,0,0,0,0,0,0,1,0,0,0,0,0,1,0
PC-618938,1013.33,630.06,-0.3782282178559798,0,0,0,progress_100,2026-05,,"Multi-States (Maharashtra, Telangana)",XLARGE,0,0,0,1,0,6.921983574992768,1.0,0,0,0,0,0,0,0,0,0,0,0,0,0,0,0,0,0,0,0,0,1,0
PC-619148,1185.66,53.18,-0.9551473440952718,0,0,0,progress_100,2026-05,,Gujarat,XLARGE,0,0,0,1,0,7.0788979171846576,1.0,0,0,0,0,0,0,0,0,0,0,1,0,0,0,0,0,0,0,0,0,1,0
PC-618935,1183.7,452.48,-0.6177409816676522,0,0,0,progress_100,2026-05,,"Multi-States (Haryana, Punjab)",XLARGE,0,0,0,1,0,7.077244856960713,1.0,0,0,0,0,0,0,0,0,0,0,0,0,0,0,0,0,0,0,0,0,1,0
PC-618897,2356.19,1011.39,-0.5707519342667612,0,0,0,progress_100,2026-05,,Tamil Nadu,XLARGE,0,0,0,1,0,7.765225510633361,1.0,0,0,0,0,0,0,0,0,0,0,0,0,0,0,1,0,0,0,0,0,1,0
PC-618874,1003.11,9.74,-0.9902901974858191,0,0,0,progress_100,2026-05,,Tamil Nadu,XLARGE,0,0,0,1,0,6.911856856003212,1.0,0,0,0,0,0,0,0,0,0,0,0,0,0,0,1,0,0,0,0,0,1,0
PC-618864,1722.11,1050.08,-0.3902363960490329,0,0,0,progress_100,2026-05,,Uttar Pradesh,XLARGE,0,0,0,1,0,7.451886076625917,1.0,0,0,0,0,0,0,0,0,0,0,0,1,0,0,0,0,0,0,0,0,1,0
PC-618849,444.21,394.65,-0.1115688525697305,0,0,0,progress_100,2026-05,,Chhattisgarh,MEDIUM,0,1,0,0,0,6.0985460809640415,1.0,0,0,0,0,0,0,0,0,0,0,0,0,0,0,0,0,0,0,0,0,1,0
PC-618839,1309.47,812.81,-0.379283221456009,0,0,0,progress_100,2026-05,,Bihar,XLARGE,0,0,0,1,0,7.17814113047549,1.0,0,0,0,0,0,0,0,0,0,0,0,0,0,1,0,0,0,0,0,0,1,0
PC-618835,698.4,418.41,-0.40090206185567,0,0,0,progress_100,2026-05,,Gujarat,LARGE,0,0,1,0,0,6.550222824629276,1.0,0,0,0,0,0,0,0,0,0,0,1,0,0,0,0,0,0,0,0,0,1,0
PC-618834,162.73,174.82,0.074294844220488,1,0,0,"progress_100, expenditure_ge_sanctioned",2026-05,,Gujarat,MEDIUM,0,1,0,0,0,5.098218729651401,1.0,0,0,0,0,0,0,0,0,0,0,1,0,0,0,0,0,0,0,0,0,1,1
PC-701105,255.69,158.78,-0.3790136493409989,0,0,0,progress_100,2026-05,Aviation & Aviation Infrastructure,Goa,MEDIUM,0,1,0,0,0,5.5478691311385475,1.0,0,0,0,0,0,0,0,1,0,0,0,0,0,0,0,0,0,0,0,0,1,0
PC-618502,1415.34,1427.49,0.008584509729111,0,0,0,"progress_100, expenditure_ge_sanctioned",2026-05,,Gujarat,XLARGE,0,0,0,1,0,7.255831358425504,1.0,0,0,0,0,0,0,0,0,0,0,1,0,0,0,0,0,0,0,0,0,1,1
PC-619144,1519.72,36.7,-0.9758508146237465,0,0,0,progress_100,2026-05,,Karnataka,XLARGE,0,0,0,1,0,7.326939185897898,1.0,0,0,0,0,0,0,0,0,0,0,0,0,0,0,0,0,0,0,0,0,1,0
PC-617975,237.79,79.56,-0.6654190672442071,0,0,0,progress_100,2026-05,,Uttarakhand,MEDIUM,0,1,0,0,0,5.475584504594719,1.0,0,0,0,0,0,0,0,0,0,0,0,0,0,0,0,0,0,0,0,1,1,0
PC-618501,1298.0,1024.93,-0.2103775038520801,0,0,0,progress_100,2026-05,,Gujarat,XLARGE,0,0,0,1,0,7.1693500166706,1.0,0,0,0,0,0,0,0,0,0,0,1,0,0,0,0,0,0,0,0,0,1,0
PC-618382,605.76,0.01,-0.9999834918119388,0,0,0,progress_100,2026-05,,Mizoram,LARGE,0,0,1,0,0,6.408133325723472,1.0,0,0,0,0,0,0,0,0,0,0,0,0,0,0,0,0,0,0,0,0,1,0
PC-618330,511.02,647.21,0.2665062032797152,1,1,1,"progress_100, expenditure_ge_sanctioned",2026-05,,Assam,LARGE,0,0,1,0,0,6.238363686776588,1.0,0,0,0,0,0,0,0,0,0,0,0,0,0,0,0,1,0,0,0,0,1,1
PC-617970,282.08,166.13,-0.4110536018150879,0,0,0,progress_100,2026-05,,Uttarakhand,MEDIUM,0,1,0,0,0,5.645729543207584,1.0,0,0,0,0,0,0,0,0,0,0,0,0,0,0,0,0,0,0,0,1,1,0
PC-619084,461.54,42.28,-0.908393638687871,0,0,0,progress_100,2026-05,,Tamil Nadu,MEDIUM,0,1,0,0,0,6.136733039699226,1.0,0,0,0,0,0,0,0,0,0,0,0,0,0,0,1,0,0,0,0,0,1,0
PC-619147,603.08,624.41,0.0353684419977446,0,0,0,expenditure_ge_sanctioned,2026-05,,Gujarat,LARGE,0,0,1,0,0,6.40370663949517,1.0,0,0,0,0,0,0,0,0,0,0,1,0,0,0,0,0,0,0,0,0,0,1
PC-618285,286.72,186.64,-0.3490513392857144,0,0,0,progress_100,2026-05,,Assam,MEDIUM,0,1,0,0,0,5.661987784999155,1.0,0,0,0,0,0,0,0,0,0,0,0,0,0,0,0,1,0,0,0,0,1,0
PC-618259,222.61,122.52,-0.4496204123803963,0,0,0,progress_100,2026-05,,Andhra Pradesh,MEDIUM,0,1,0,0,0,5.409903463000054,1.0,0,0,0,0,0,0,0,0,0,0,0,0,0,0,0,0,0,1,0,0,1,0
PN-ahmedabad_metro_rail_project_[-gujarat-gujarat_metro_rail_c,10773.0,12521.43,0.162297410192147,1,1,0,expenditure_ge_sanctioned,2026-05,Urban Public Transport,Gujarat,XLARGE,0,0,0,1,0,9.28489110324048,1.0,0,0,0,0,0,0,0,0,0,0,1,0,0,0,0,0,0,0,0,0,0,1
PC-618372,909.02,638.5,-0.2975952124265693,0,0,0,progress_100,2026-05,,Assam,LARGE,0,0,1,0,0,6.8134665772913605,1.0,0,0,0,0,0,0,0,0,0,0,0,0,0,0,0,1,0,0,0,0,1,0
PC-618229,211.09,0.0,-1.0,0,0,0,progress_100,2026-05,,Uttar Pradesh,MEDIUM,0,1,0,0,0,5.357010712887255,1.0,0,0,0,0,0,0,0,0,0,0,0,1,0,0,0,0,0,0,0,0,1,0
PC-618220,642.24,0.0,-1.0,0,0,0,progress_100,2026-05,,Jammu and Kashmir,LARGE,0,0,1,0,0,6.466517904985824,1.0,0,0,0,0,0,0,0,0,0,0,0,0,0,0,0,0,0,0,0,0,1,0
PC-617933,984.07,0.0,-1.0,0,0,0,progress_100,2026-05,,Maharashtra,LARGE,0,0,1,0,0,6.892712704636869,1.0,0,0,0,0,0,0,0,0,0,0,0,0,1,0,0,0,0,0,0,0,1,0
PC-618008,185.09,175.09,-0.0540277702739208,0,0,0,progress_100,2026-05,,Uttar Pradesh,MEDIUM,0,1,0,0,0,5.226230427653136,1.0,0,0,0,0,0,0,0,0,0,0,0,1,0,0,0,0,0,0,0,0,1,0
PN-ghatampur_thermal_power_plant_-uttar prad-nlc_india_limited_[n,17237.8,21287.24,0.2349162886215179,1,1,1,expenditure_ge_sanctioned,2026-05,Electricity Generation,Uttar Pradesh,XLARGE,0,0,0,1,0,9.754917936226658,1.0,0,0,0,0,0,1,0,0,0,0,0,1,0,0,0,0,0,0,0,0,0,1
PN-guwahati_refinery_expansion_[1-assam-ministry_of_petroleu,412.3,487.31,0.1819306330341983,1,1,0,expenditure_ge_sanctioned,2026-05,Oil & Gas,Assam,MEDIUM,0,1,0,0,0,6.024173721517687,1.0,0,0,0,0,0,0,1,0,0,0,0,0,0,0,0,1,0,0,0,0,0,1
PC-618099,164.13,98.68,-0.3987692682629622,0,0,0,progress_100,2026-05,,Maharashtra,MEDIUM,0,1,0,0,0,5.106733042474897,1.0,0,0,0,0,0,0,0,0,0,0,0,0,1,0,0,0,0,0,0,0,1,0
PN-transmission_network_expansion-multi-stat-power_grid_corporati,4546.26,4546.26,0.0,0,0,0,expenditure_ge_sanctioned,2026-05,Transmission & Distribution,"Multi-States (Dadra & Nagar Haveli and Daman & Diu, Gujarat, Maharashtra)",XLARGE,0,0,0,1,0,8.422280132748876,1.0,0,1,0,0,0,0,0,0,0,0,0,0,0,0,0,0,0,0,0,0,0,1
PC-618464,2271.86,2574.42,0.1331772204273149,1,1,0,expenditure_ge_sanctioned,2026-05,,Gujarat,XLARGE,0,0,0,1,0,7.728794229346754,1.0,0,0,0,0,0,0,0,0,0,0,1,0,0,0,0,0,0,0,0,0,0,1
PC-618465,1710.3,2158.87,0.2622756241595041,1,1,1,expenditure_ge_sanctioned,2026-05,,Gujarat,XLARGE,0,0,0,1,0,7.445008594583406,1.0,0,0,0,0,0,0,0,0,0,0,1,0,0,0,0,0,0,0,0,0,0,1
PC-618023,152.58,0.0,-1.0,0,0,0,progress_100,2026-06,,Punjab,MEDIUM,0,1,0,0,0,5.034221603902398,1.0,0,0,0,0,0,0,0,0,0,0,0,0,0,0,0,0,0,0,0,0,1,0
PN-chakur_loha_section_of_nh-361_-maharashtr-nhai,1241.38,1717.21,0.3833072870515071,1,1,1,expenditure_ge_sanctioned,2026-06,,Maharashtra,XLARGE,0,0,0,1,0,7.124784173829824,1.0,0,0,0,0,0,0,0,0,0,0,0,0,1,0,0,0,0,0,0,0,0,1
PC-618165,1156.72,0.0,-1.0,0,0,0,progress_100,2026-06,,Uttar Pradesh,XLARGE,0,0,0,1,0,7.054207832695181,1.0,0,0,0,0,0,0,0,0,0,0,0,1,0,0,0,0,0,0,0,0,1,0
PN-challakere_to_hariyur_section_-karnataka-nhai,1167.52,1243.48,0.0650609839660134,1,0,0,expenditure_ge_sanctioned,2026-06,,Karnataka,XLARGE,0,0,0,1,0,7.06349326979307,1.0,0,0,0,0,0,0,0,0,0,0,0,0,0,0,0,0,0,0,0,0,0,1
PC-705633,3733.0,5552.65,0.4874497723010982,1,1,1,expenditure_ge_sanctioned,2026-06,Railways,Andhra Pradesh,XLARGE,0,0,0,1,0,8.225235324101668,1.0,1,0,0,0,0,0,0,0,0,0,0,0,0,0,0,0,0,1,0,0,0,1
PN-pipli_bhavnagar-package_1_from-gujarat-nhai,819.14,975.85,0.1913103987108431,1,1,0,expenditure_ge_sanctioned,2026-06,,Gujarat,LARGE,0,0,1,0,0,6.709475057392616,1.0,0,0,0,0,0,0,0,0,0,0,1,0,0,0,0,0,0,0,0,0,0,1
PN-reconstruction_of_existing_2_l-uttarakhan-morth,282.08,352.53,0.2497518434486669,1,1,1,expenditure_ge_sanctioned,2026-06,,Uttarakhand,MEDIUM,0,1,0,0,0,5.645729543207584,1.0,0,0,0,0,0,0,0,0,0,0,0,0,0,0,0,0,0,0,0,1,0,1
PC-705660,2445.0,3368.46,0.3776932515337423,1,1,1,expenditure_ge_sanctioned,2026-06,,Madhya Pradesh,XLARGE,0,0,0,1,0,7.802209316247118,1.0,0,0,0,0,0,0,0,0,0,0,0,0,0,0,0,0,0,0,0,0,0,1
PN-rajasthan_refinery_project_701-rajasthan-ministryofpetroleumn,43129.0,70293.57,0.629844652090241,1,1,1,expenditure_ge_sanctioned,2026-06,Energy Storage,Rajasthan,XLARGE,0,0,0,1,0,10.671974089641889,1.0,0,0,0,0,0,0,0,0,0,0,0,0,0,0,0,0,1,0,0,0,0,1
PC-619113,555.8,235.51,-0.5762684418855704,0,0,0,progress_100,2026-06,,Tamil Nadu,LARGE,0,0,1,0,0,6.32220610902021,1.0,0,0,0,0,0,0,0,0,0,0,0,0,0,0,1,0,0,0,0,0,1,0
PC-400019,492.76,560.32,0.1371052845198475,1,1,0,expenditure_ge_sanctioned,2026-06,,Maharashtra,MEDIUM,0,1,0,0,0,6.202049569174796,1.0,0,0,0,0,0,0,0,0,0,0,0,0,1,0,0,0,0,0,0,0,0,1
PN-thumbipadi-namakkal_from_km._1-tamil nadu-nhai,255.53,392.41,0.535670958400188,1,1,1,expenditure_ge_sanctioned,2026-06,,Tamil Nadu,MEDIUM,0,1,0,0,0,5.547245616835974,1.0,0,0,0,0,0,0,0,0,0,0,0,0,0,0,1,0,0,0,0,0,0,1
PN-construction_of_4/6_laning_fro-assam-nhidcl,511.02,671.35,0.3137450589018042,1,1,1,expenditure_ge_sanctioned,2026-06,,Assam,LARGE,0,0,1,0,0,6.238363686776588,1.0,0,0,0,0,0,0,0,0,0,0,0,0,0,0,0,1,0,0,0,0,0,1
PN-vadodara_mumbai_expressway_ena-gujarat-nhai,2271.86,2991.42,0.316727263123608,1,1,1,expenditure_ge_sanctioned,2026-06,,Gujarat,XLARGE,0,0,0,1,0,7.728794229346754,1.0,0,0,0,0,0,0,0,0,0,0,1,0,0,0,0,0,0,0,0,0,0,1
PN-vadodara_mumbai_expressway_gan-gujarat-nhai,1710.3,2451.01,0.4330877623808691,1,1,1,expenditure_ge_sanctioned,2026-06,,Gujarat,XLARGE,0,0,0,1,0,7.445008594583406,1.0,0,0,0,0,0,0,0,0,0,0,1,0,0,0,0,0,0,0,0,0,0,1
PN-construction_of_four-lane_elev-uttar prad-morth,185.09,200.32,0.0822842941271813,1,0,0,expenditure_ge_sanctioned,2026-06,,Uttar Pradesh,MEDIUM,0,1,0,0,0,5.226230427653136,1.0,0,0,0,0,0,0,0,0,0,0,0,1,0,0,0,0,0,0,0,0,0,1
PN-widening_&_strengthening_of_ex-telangana-morth,206.13,318.62,0.5457235725027896,1,1,1,expenditure_ge_sanctioned,2026-06,,Telangana,MEDIUM,0,1,0,0,0,5.333346615467431,1.0,0,0,0,0,0,0,0,0,0,0,0,0,0,0,0,0,0,0,0,0,0,1
PC-705730,4835.0,5098.73,0.0545460186142707,1,0,0,expenditure_ge_sanctioned,2026-06,,West Bengal,XLARGE,0,0,0,1,0,8.483843211734683,1.0,0,0,0,0,0,0,0,0,0,0,0,0,0,0,0,0,0,0,0,0,0,1
PC-611966,224.41,224.41,0.0,0,0,0,"progress_100, expenditure_ge_sanctioned",2026-06,,Maharashtra,MEDIUM,0,1,0,0,0,5.4179209661938685,1.0,0,0,0,0,0,0,0,0,0,0,0,0,1,0,0,0,0,0,0,0,1,1
PC-705799,1400.0,1472.0,0.0514285714285713,1,0,0,expenditure_ge_sanctioned,2026-06,,Maharashtra,XLARGE,0,0,0,1,0,7.244941546337007,1.0,0,0,0,0,0,0,0,0,0,0,0,0,1,0,0,0,0,0,0,0,0,1
PC-706757,262.0,387.82,0.4802290076335878,1,1,1,expenditure_ge_sanctioned,2026-06,,Gujarat,MEDIUM,0,1,0,0,0,5.572154032177765,1.0,0,0,0,0,0,0,0,0,0,0,1,0,0,0,0,0,0,0,0,0,0,1
PN-4l_of_hubli_-_hospet_section_o-karnataka-nhai,2531.99,3522.85,0.3913364586747974,1,1,1,expenditure_ge_sanctioned,2026-06,,Karnataka,XLARGE,0,0,0,1,0,7.837155702106002,1.0,0,0,0,0,0,0,0,0,0,0,0,0,0,0,0,0,0,0,0,0,0,1
PC-400277,8964.0,8984.66,0.0023047746541722,0,0,0,expenditure_ge_sanctioned,2026-06,,West Bengal,XLARGE,0,0,0,1,0,9.101083386039234,1.0,0,0,0,0,0,0,0,0,0,0,0,0,0,0,0,0,0,0,0,0,0,1
PN-4l_of_bhavnagar_-_talaja_packa-gujarat-nhai,1185.66,1316.53,0.1103773425771299,1,1,0,expenditure_ge_sanctioned,2026-06,,Gujarat,XLARGE,0,0,0,1,0,7.0788979171846576,1.0,0,0,0,0,0,0,0,0,0,0,1,0,0,0,0,0,0,0,0,0,0,1
PN-4l_of_bal_works_of_talaja_-_ma-gujarat-nhai,698.4,726.01,0.0395332187857961,0,0,0,expenditure_ge_sanctioned,2026-06,,Gujarat,LARGE,0,0,1,0,0,6.550222824629276,1.0,0,0,0,0,0,0,0,0,0,0,1,0,0,0,0,0,0,0,0,0,0,1
PN-4l_of_bal_works_of_mahuva_to_k-gujarat-nhai,603.08,624.43,0.0354016050938514,0,0,0,expenditure_ge_sanctioned,2026-06,,Gujarat,LARGE,0,0,1,0,0,6.40370663949517,1.0,0,0,0,0,0,0,0,0,0,0,1,0,0,0,0,0,0,0,0,0,0,1
PN-muzaffarpur_-_sonbarsa_section-bihar-nhai,2290.72,2308.19,0.007626423133338,0,0,0,expenditure_ge_sanctioned,2026-06,,Bihar,XLARGE,0,0,0,1,0,7.7370579063231295,1.0,0,0,0,0,0,0,0,0,0,0,0,0,0,1,0,0,0,0,0,0,0,1
PN-4l_kodinar_-_veraval_package_v-gujarat-nhai,162.73,189.95,0.1672709395931912,1,1,0,expenditure_ge_sanctioned,2026-06,,Gujarat,MEDIUM,0,1,0,0,0,5.098218729651401,1.0,0,0,0,0,0,0,0,0,0,0,1,0,0,0,0,0,0,0,0,0,0,1
PN-6l_access_controlled_highway_f-delhi-nhai,1467.44,1652.29,0.1259676715913427,1,1,0,expenditure_ge_sanctioned,2026-06,,Delhi,XLARGE,0,0,0,1,0,7.291955891785577,1.0,0,0,0,0,0,0,0,0,0,0,0,0,0,0,0,0,0,0,0,0,0,1
PC-617915,329.14,0.0,-1.0,0,0,0,progress_100,2026-06,,Madhya Pradesh,MEDIUM,0,1,0,0,0,5.799516806919395,1.0,0,0,0,0,0,0,0,0,0,0,0,0,0,0,0,0,0,0,0,0,1,0
PN-6l_of_chiloda-naroda_section_f-gujarat-nhai,356.6,443.07,0.2424845765563656,1,1,1,expenditure_ge_sanctioned,2026-06,,Gujarat,MEDIUM,0,1,0,0,0,5.8794150432993595,1.0,0,0,0,0,0,0,0,0,0,0,1,0,0,0,0,0,0,0,0,0,0,1
PC-618577,2228.26,1759.52,-0.210361447945931,0,0,0,progress_100,2026-06,,"Multi-States (Delhi, Haryana)",XLARGE,0,0,0,1,0,7.709424970818542,1.0,0,0,0,0,0,0,0,0,0,0,0,0,0,0,0,0,0,0,0,0,1,0
PC-618460,1263.38,934.98,-0.2599376276338078,0,0,0,progress_100,2026-06,,Gujarat,XLARGE,0,0,0,1,0,7.142337162437177,1.0,0,0,0,0,0,0,0,0,0,0,1,0,0,0,0,0,0,0,0,0,1,0
PN-transmission_system_for_evacua-rajasthan-power_grid_corporati,1910.0,1910.0,0.0,0,0,0,expenditure_ge_sanctioned,2026-06,Transmission & Distribution,Rajasthan,XLARGE,0,0,0,1,0,7.555381944240273,1.0,0,1,0,0,0,0,0,0,0,0,0,0,0,0,0,0,1,0,0,0,0,1
PC-618444,279.01,398.54,0.4284075839575643,1,1,1,expenditure_ge_sanctioned,2026-06,,Assam,MEDIUM,0,1,0,0,0,5.634825316817224,1.0,0,0,0,0,0,0,0,0,0,0,0,0,0,0,0,1,0,0,0,0,0,1
PN-ahmedabad_-_dholera_pkg_i_from-gujarat-nhai,1298.0,1385.83,0.0676656394453003,1,0,0,expenditure_ge_sanctioned,2026-06,,Gujarat,XLARGE,0,0,0,1,0,7.1693500166706,1.0,0,0,0,0,0,0,0,0,0,0,1,0,0,0,0,0,0,0,0,0,0,1
PC-617887,379.23,206.48,-0.4555283073596499,0,0,0,progress_100,2026-06,,Rajasthan,MEDIUM,0,1,0,0,0,5.940776332780459,1.0,0,0,0,0,0,0,0,0,0,0,0,0,0,0,0,0,1,0,0,0,1,0
PC-705437,1160.0,3073.41,1.6494913793103447,1,1,1,expenditure_ge_sanctioned,2026-06,,Telangana,XLARGE,0,0,0,1,0,7.057036981697891,1.0,0,0,0,0,0,0,0,0,0,0,0,0,0,0,0,0,0,0,0,0,0,1
PC-701406,1402.0,1839.76,0.3122396576319544,1,1,1,"progress_100, expenditure_ge_sanctioned",2026-06,,Telangana,XLARGE,0,0,0,1,0,7.246368080102461,1.0,0,0,0,0,0,0,0,0,0,0,0,0,0,0,0,0,0,0,0,0,1,1
PC-705650,5060.0,5511.03,0.0891363636363635,1,0,0,expenditure_ge_sanctioned,2026-06,,"Multi-States (Goa, Karnataka)",XLARGE,0,0,0,1,0,8.529319371214077,1.0,0,0,0,0,0,0,0,0,0,0,0,0,0,0,0,0,0,0,0,0,0,1
PN-ahmedabad_-_dholera_pkg_ii_fro-gujarat-nhai,1415.34,1785.68,0.2616615088953893,1,1,1,expenditure_ge_sanctioned,2026-06,,Gujarat,XLARGE,0,0,0,1,0,7.255831358425504,1.0,0,0,0,0,0,0,0,0,0,0,1,0,0,0,0,0,0,0,0,0,0,1
PN-transmission_system_for_kurnoo-multi-stat-power_grid_corporati,3546.94,3546.94,0.0,0,0,0,expenditure_ge_sanctioned,2026-06,Transmission & Distribution,"Multi-States (Telangana, Andhra Pradesh)",XLARGE,0,0,0,1,0,8.17412243235074,1.0,0,1,0,0,0,0,0,0,0,0,0,0,0,0,0,0,0,0,0,0,0,1
PC-618692,1226.64,1359.14,0.1080186525794038,1,1,0,"progress_100, expenditure_ge_sanctioned",2026-06,,Uttar Pradesh,XLARGE,0,0,0,1,0,7.112848906118289,1.0,0,0,0,0,0,0,0,0,0,0,0,1,0,0,0,0,0,0,0,0,1,1
PC-617379,446.21,565.7,0.267788709352099,1,1,1,expenditure_ge_sanctioned,2026-06,Railways,Delhi,MEDIUM,0,1,0,0,0,6.103028282950449,1.0,1,0,0,0,0,0,0,0,0,0,0,0,0,0,0,0,0,0,0,0,0,1
PN-salem_-_ulundurpet_section_fro-tamil nadu-nhai,861.23,940.44,0.0919731082289283,1,0,0,expenditure_ge_sanctioned,2026-06,,Tamil Nadu,LARGE,0,0,1,0,0,6.759522056418916,1.0,0,0,0,0,0,0,0,0,0,0,0,0,0,0,1,0,0,0,0,0,0,1
PC-706950,744.49,1163.32,0.5625730365753736,1,1,1,expenditure_ge_sanctioned,2026-06,,"Multi-States (Goa, Karnataka)",LARGE,0,0,1,0,0,6.614041720298596,1.0,0,0,0,0,0,0,0,0,0,0,0,0,0,0,0,0,0,0,0,0,0,1
PC-619146,750.53,833.12,0.1100422368193143,1,1,0,expenditure_ge_sanctioned,2026-06,,Gujarat,LARGE,0,0,1,0,0,6.622111128555922,1.0,0,0,0,0,0,0,0,0,0,0,1,0,0,0,0,0,0,0,0,0,0,1
PC-705612,1953.0,5192.51,1.65873527905786,1,1,1,expenditure_ge_sanctioned,2026-06,,"Multi-States (Andhra Pradesh, Telangana)",XLARGE,0,0,0,1,0,7.577633832602728,1.0,0,0,0,0,0,0,0,0,0,0,0,0,0,0,0,0,0,0,0,0,0,1
PC-400253,4803.0,6260.17,0.3033874661669791,1,1,1,expenditure_ge_sanctioned,2026-06,,"Multi-States (Andhra Pradesh, Odisha)",XLARGE,0,0,0,1,0,8.477204183199873,1.0,0,0,0,0,0,0,0,0,0,0,0,0,0,0,0,0,0,0,0,0,0,1
PC-617374,1516.45,2154.73,0.4209040851989845,1,1,1,expenditure_ge_sanctioned,2026-06,Railways,Chhattisgarh,XLARGE,0,0,0,1,0,7.324786573461665,1.0,1,0,0,0,0,0,0,0,0,0,0,0,0,0,0,0,0,0,0,0,0,1
PC-617949,159.66,75.64,-0.5262432669422523,0,0,0,progress_100,2026-06,Roads & Highways,Andhra Pradesh,MEDIUM,0,1,0,0,0,5.079290330745667,1.0,0,0,0,0,1,0,0,0,0,0,0,0,0,0,0,0,0,1,0,0,1,0
PC-618749,711.94,566.96,-0.2036407562435036,0,0,0,progress_100,2026-06,,Andhra Pradesh,LARGE,0,0,1,0,0,6.569397265400712,1.0,0,0,0,0,0,0,0,0,0,0,0,0,0,0,0,0,0,1,0,0,1,0
PC-705613,2595.0,4154.83,0.6010905587668594,1,1,1,expenditure_ge_sanctioned,2026-06,,"Multi-States (Maharashtra, Telangana)",XLARGE,0,0,0,1,0,7.86172707782398,1.0,0,0,0,0,0,0,0,0,0,0,0,0,0,0,0,0,0,0,0,0,0,1
PN-balance_work_of_panikoili_rimo-odisha-nhai,183.03,185.4,0.0129486969349286,0,0,0,expenditure_ge_sanctioned,2026-06,,Odisha,MEDIUM,0,1,0,0,0,5.215098787797103,1.0,0,0,0,0,0,0,0,0,0,0,0,0,0,0,0,0,0,0,1,0,0,1
PC-705500,540.02,836.27,0.5485907929335951,1,1,1,expenditure_ge_sanctioned,2026-07,,Maharashtra,LARGE,0,0,1,0,0,6.29345624673987,1.0,0,0,0,0,0,0,0,0,0,0,0,0,1,0,0,0,0,0,0,0,0,1
PC-705498,792.89,1159.82,0.4627754165142705,1,1,1,expenditure_ge_sanctioned,2026-07,,Maharashtra,LARGE,0,0,1,0,0,6.676944912606895,1.0,0,0,0,0,0,0,0,0,0,0,0,0,1,0,0,0,0,0,0,0,0,1
PC-705504,2081.27,3191.56,0.5334675462578138,1,1,1,expenditure_ge_sanctioned,2026-07,,Maharashtra,XLARGE,0,0,0,1,0,7.641213923763919,1.0,0,0,0,0,0,0,0,0,0,0,0,0,1,0,0,0,0,0,0,0,0,1
PC-705502,1384.72,1894.7,0.3682910624530591,1,1,1,expenditure_ge_sanctioned,2026-07,,Maharashtra,XLARGE,0,0,0,1,0,7.233975139138999,1.0,0,0,0,0,0,0,0,0,0,0,0,0,1,0,0,0,0,0,0,0,0,1
PC-400010,480.0,512.55,0.0678124999999998,1,0,0,expenditure_ge_sanctioned,2026-07,Aviation & Aviation Infrastructure,Ladakh,MEDIUM,0,1,0,0,0,6.175867270105761,1.0,0,0,0,0,0,0,0,1,0,0,0,0,0,0,0,0,0,0,0,0,0,1
PC-705481,3032.0,4498.51,0.4836774406332453,1,1,1,expenditure_ge_sanctioned,2026-07,,"Multi-States (Madhya Pradesh, Rajasthan)",XLARGE,0,0,0,1,0,8.017307507688582,1.0,0,0,0,0,0,0,0,0,0,0,0,0,0,0,0,0,0,0,0,0,0,1
PC-705357,138.48,1132.25,7.176270941652225,1,1,1,expenditure_ge_sanctioned,2026-07,,Maharashtra,MEDIUM,0,1,0,0,0,4.93792122180745,1.0,0,0,0,0,0,0,0,0,0,0,0,0,1,0,0,0,0,0,0,0,0,1
PC-705358,3792.0,4825.28,0.2724894514767932,1,1,1,expenditure_ge_sanctioned,2026-07,,Odisha,XLARGE,0,0,0,1,0,8.2409125416889,1.0,0,0,0,0,0,0,0,0,0,0,0,0,0,0,0,0,0,0,1,0,0,1
PC-705359,1928.0,2164.01,0.1224118257261412,1,1,0,expenditure_ge_sanctioned,2026-07,,Odisha,XLARGE,0,0,0,1,0,7.564757012905729,1.0,0,0,0,0,0,0,0,0,0,0,0,0,0,0,0,0,0,0,1,0,0,1
PC-705366,2067.0,2843.39,0.3756119980648282,1,1,1,expenditure_ge_sanctioned,2026-07,Railways,Bihar,XLARGE,0,0,0,1,0,7.63433723562832,1.0,1,0,0,0,0,0,0,0,0,0,0,0,0,1,0,0,0,0,0,0,0,1
PC-705368,1605.0,2140.8,0.3338317757009346,1,1,1,expenditure_ge_sanctioned,2026-07,Railways,Bihar,XLARGE,0,0,0,1,0,7.381501894506707,1.0,1,0,0,0,0,0,0,0,0,0,0,0,0,1,0,0,0,0,0,0,0,1
PC-705505,637.95,1090.49,0.7093659377694175,1,1,1,expenditure_ge_sanctioned,2026-07,,Maharashtra,LARGE,0,0,1,0,0,6.459826204054712,1.0,0,0,0,0,0,0,0,0,0,0,0,0,1,0,0,0,0,0,0,0,0,1
PC-705373,1473.0,3041.78,1.0650237610319078,1,1,1,expenditure_ge_sanctioned,2026-07,Railways,Bihar,XLARGE,0,0,0,1,0,7.295735072749282,1.0,1,0,0,0,0,0,0,0,0,0,0,0,0,1,0,0,0,0,0,0,0,1
PC-705375,1626.0,2269.03,0.3954674046740469,1,1,1,expenditure_ge_sanctioned,2026-07,,"Multi-States (Bihar, Jharkhand)",XLARGE,0,0,0,1,0,7.394493107219038,1.0,0,0,0,0,0,0,0,0,0,0,0,0,0,0,0,0,0,0,0,0,0,1
PC-705391,14323.0,16931.5,0.1821196676673881,1,1,0,expenditure_ge_sanctioned,2026-07,Railways,Manipur,XLARGE,0,0,0,1,0,9.569691731118324,1.0,1,0,0,0,0,0,0,0,0,0,0,0,0,0,0,0,0,0,0,0,0,1
PC-705392,6663.0,6719.53,0.0084841662914603,0,0,0,expenditure_ge_sanctioned,2026-07,Railways,"Multi-States (Assam, Nagaland)",XLARGE,0,0,0,1,0,8.804475183846678,1.0,1,0,0,0,0,0,0,0,0,0,0,0,0,0,0,0,0,0,0,0,0,1
PC-705401,435.0,1057.21,1.430367816091954,1,1,1,expenditure_ge_sanctioned,2026-07,Railways,"Multi-States (Arunachal Pradesh, Assam)",MEDIUM,0,1,0,0,0,6.077642243349034,1.0,1,0,0,0,0,0,0,0,0,0,0,0,0,0,0,0,0,0,0,0,0,1
PC-705410,2018.0,2934.27,0.4540485629335975,1,1,1,expenditure_ge_sanctioned,2026-07,,"Multi-States (Himachal Pradesh, Punjab)",XLARGE,0,0,0,1,0,7.610357618312838,1.0,0,0,0,0,0,0,0,0,0,0,0,0,0,0,0,0,0,0,0,0,0,1
PC-705419,2913.0,3068.75,0.053467215928596,1,0,0,expenditure_ge_sanctioned,2026-07,,Madhya Pradesh,XLARGE,0,0,0,1,0,7.97728198675515,1.0,0,0,0,0,0,0,0,0,0,0,0,0,0,0,0,0,0,0,0,0,0,1
PC-705432,7877.0,11090.47,0.4079560746477084,1,1,1,expenditure_ge_sanctioned,2026-07,Railways,"Multi-States (Sikkim, West Bengal)",XLARGE,0,0,0,1,0,8.971829343530851,1.0,1,0,0,0,0,0,0,0,0,0,0,0,0,0,0,0,0,0,0,0,0,1
PC-705444,4970.0,5327.55,0.0719416498993963,1,0,0,expenditure_ge_sanctioned,2026-07,,Chhattisgarh,XLARGE,0,0,0,1,0,8.511376306094673,1.0,0,0,0,0,0,0,0,0,0,0,0,0,0,0,0,0,0,0,0,0,0,1
PC-705453,456.07,4509.3,8.887298002499616,1,1,1,expenditure_ge_sanctioned,2026-07,,"Multi-States (Gujarat, Madhya Pradesh)",MEDIUM,0,1,0,0,0,6.12483655203096,1.0,0,0,0,0,0,0,0,0,0,0,0,0,0,0,0,0,0,0,0,0,0,1
PC-705454,1794.0,1855.01,0.0340078037904125,0,0,0,expenditure_ge_sanctioned,2026-07,,"Multi-States (Gujarat, Madhya Pradesh)",XLARGE,0,0,0,1,0,7.492760300922379,1.0,0,0,0,0,0,0,0,0,0,0,0,0,0,0,0,0,0,0,0,0,0,1
PC-705457,1656.25,5045.54,2.046363773584906,1,1,1,expenditure_ge_sanctioned,2026-07,,"Multi-States (Madhya Pradesh, Maharashtra)",XLARGE,0,0,0,1,0,7.412914881121501,1.0,0,0,0,0,0,0,0,0,0,0,0,0,0,0,0,0,0,0,0,0,0,1
PC-705458,483.88,816.25,0.6868851781433414,1,1,1,expenditure_ge_sanctioned,2026-07,,Gujarat,MEDIUM,0,1,0,0,0,6.18390143764303,1.0,0,0,0,0,0,0,0,0,0,0,1,0,0,0,0,0,0,0,0,0,0,1
PC-705497,3445.34,4053.03,0.1763802701620158,1,1,0,expenditure_ge_sanctioned,2026-07,Railways,Maharashtra,XLARGE,0,0,0,1,0,8.14506807733977,1.0,1,0,0,0,0,0,0,0,0,0,0,0,1,0,0,0,0,0,0,0,0,1
PC-705506,1035.16,1843.54,0.780922755902469,1,1,1,"progress_100, expenditure_ge_sanctioned",2026-07,,Maharashtra,XLARGE,0,0,0,1,0,6.943276851049216,1.0,0,0,0,0,0,0,0,0,0,0,0,0,1,0,0,0,0,0,0,0,1,1
PC-709849,2546.9,3003.9,0.1794338215085005,1,1,0,expenditure_ge_sanctioned,2026-07,,Offshore,XLARGE,0,0,0,1,0,7.843024769454074,1.0,0,0,0,0,0,0,0,0,0,0,0,0,0,0,0,0,0,0,0,0,0,1
PC-705515,1173.0,2213.72,0.8872293265132138,1,1,1,expenditure_ge_sanctioned,2026-07,,Odisha,XLARGE,0,0,0,1,0,7.068172000388042,1.0,0,0,0,0,0,0,0,0,0,0,0,0,0,0,0,0,0,0,1,0,0,1
PC-707086,325.0,353.01,0.0861846153846153,1,0,0,expenditure_ge_sanctioned,2026-07,Healthcare,Uttarakhand,MEDIUM,0,1,0,0,0,5.786897381366708,1.0,0,0,1,0,0,0,0,0,0,0,0,0,0,0,0,0,0,0,0,1,0,1
PC-707087,325.0,470.08,0.4463999999999999,1,1,1,expenditure_ge_sanctioned,2026-07,Healthcare,Uttarakhand,MEDIUM,0,1,0,0,0,5.786897381366708,1.0,0,0,1,0,0,0,0,0,0,0,0,0,0,0,0,0,0,0,0,1,0,1
PC-707215,573.0,656.38,0.1455148342059335,1,1,0,expenditure_ge_sanctioned,2026-07,"Tourism, Hospitality & Wellness",Gujarat,LARGE,0,0,1,0,0,6.352629396319567,1.0,0,0,0,0,0,0,0,0,0,0,1,0,0,0,0,0,0,0,0,0,0,1
PC-709747,339.35,370.0,0.0903197288934727,1,0,0,expenditure_ge_sanctioned,2026-07,Electricity Generation,Gujarat,MEDIUM,0,1,0,0,0,5.829974499893961,1.0,0,0,0,0,0,1,0,0,0,0,1,0,0,0,0,0,0,0,0,0,0,1
PC-709783,165.13,193.38,0.1710773330103554,1,1,0,expenditure_ge_sanctioned,2026-07,,Haryana,MEDIUM,0,1,0,0,0,5.1127706143983875,1.0,0,0,0,0,0,0,0,0,0,0,0,0,0,0,0,0,0,0,0,0,0,1
PC-709813,437.21,463.96,0.061183413005192,1,0,0,expenditure_ge_sanctioned,2026-07,,Gujarat,MEDIUM,0,1,0,0,0,6.082698247530828,1.0,0,0,0,0,0,0,0,0,0,0,1,0,0,0,0,0,0,0,0,0,0,1
PC-709839,4144.41,6302.5,0.5207230944814822,1,1,1,expenditure_ge_sanctioned,2026-07,,Offshore,XLARGE,0,0,0,1,0,8.329756977032337,1.0,0,0,0,0,0,0,0,0,0,0,0,0,0,0,0,0,0,0,0,0,0,1
PC-705356,2538.67,5054.69,0.9910780054122824,1,1,1,expenditure_ge_sanctioned,2026-07,,Maharashtra,XLARGE,0,0,0,1,0,7.8397894303122415,1.0,0,0,0,0,0,0,0,0,0,0,0,0,1,0,0,0,0,0,0,0,0,1
PN-617883-redevelopm-,44.0,57.0,0.2954545454545454,1,1,1,expenditure_ge_sanctioned,2026-07,,"REDEVELOPMENT OF RESIDENTIAL COLONIES AT AYUR VIGYAN NAGAR AND WEST ANSARI NAGAR CAMPUSES OF AIIMS, NEW DELHI",SMALL,1,0,0,0,0,3.8066624897703196,1.0,0,0,0,0,0,0,0,0,0,0,0,0,0,0,0,0,0,0,0,0,0,1
PN-aligarh-kanpur_pkg_i_[aligarh--uttar prad-nhai,1226.64,1359.15,0.1080268049305419,1,1,0,expenditure_ge_sanctioned,2026-07,,Uttar Pradesh,XLARGE,0,0,0,1,0,7.112848906118289,1.0,0,0,0,0,0,0,0,0,0,0,0,1,0,0,0,0,0,0,0,0,0,1
PN-assam-department-,153.71,266.14,0.731442326458916,1,1,1,expenditure_ge_sanctioned,2026-07,PAN India,Department of Higher Education,MEDIUM,0,1,0,0,0,5.041552396730977,1.0,0,0,0,0,0,0,0,0,0,1,0,0,0,0,0,0,0,0,0,0,0,1
PN-jammu_and_kashmir-department-,424.93,484.52,0.1402348622125997,1,1,0,expenditure_ge_sanctioned,2026-07,PAN India,Department of Higher Education,MEDIUM,0,1,0,0,0,6.054275013518657,1.0,0,0,0,0,0,0,0,0,0,1,0,0,0,0,0,0,0,0,0,0,0,1
PN-kagvadar_-_una_package-iv_6191-gujarat-nhai,750.53,833.13,0.1100555607370792,1,1,0,expenditure_ge_sanctioned,2026-07,Roads & Highways,Gujarat,LARGE,0,0,1,0,0,6.622111128555922,1.0,0,0,0,0,1,0,0,0,0,0,1,0,0,0,0,0,0,0,0,0,0,1
PN-ladakh-ministry o-,480.0,512.55,0.0678124999999998,1,0,0,expenditure_ge_sanctioned,2026-07,PAN India,Ministry of Civil Aviation,MEDIUM,0,1,0,0,0,6.175867270105761,1.0,0,0,0,0,0,0,0,0,0,1,0,0,0,0,0,0,0,0,0,0,0,1
PN-mizoram-ministry o-,5111.33,5577.75,0.0912521789827696,1,0,0,expenditure_ge_sanctioned,2026-07,,Ministry of Power,XLARGE,0,0,0,1,0,8.539410547964462,1.0,0,0,0,0,0,0,0,0,0,0,0,0,0,0,0,0,0,0,0,0,0,1
PN-rajiv_bhima_lift_irrigation_sc-telangana-irrigation_and_cad-t,1402.0,1839.76,0.3122396576319544,1,1,1,expenditure_ge_sanctioned,2026-07,Water Resources,Telangana,XLARGE,0,0,0,1,0,7.246368080102461,1.0,0,0,0,0,0,0,0,0,1,0,0,0,0,0,0,0,0,0,0,0,0,1
PN-rehabilitation_and_up_gradatio-mizoram-nhidcl,292.23,298.93,0.0229271464257605,0,0,0,expenditure_ge_sanctioned,2026-07,,Mizoram,MEDIUM,0,1,0,0,0,5.680957284014257,1.0,0,0,0,0,0,0,0,0,0,0,0,0,0,0,0,0,0,0,0,0,0,1
PN-rehabilitation_and_upgradation-mizoram-nhidcl,206.9,214.51,0.0367810536491057,0,0,0,expenditure_ge_sanctioned,2026-07,,Mizoram,MEDIUM,0,1,0,0,0,5.337057194863967,1.0,0,0,0,0,0,0,0,0,0,0,0,0,0,0,0,0,0,0,0,0,0,1
PN-rehabilitation_and_upgradation-telangana-morth,220.28,223.79,0.0159342654802978,0,0,0,expenditure_ge_sanctioned,2026-07,Roads & Highways,Telangana,MEDIUM,0,1,0,0,0,5.399428867916448,1.0,0,0,0,0,1,0,0,0,0,0,0,0,0,0,0,0,0,0,0,0,0,1
PN-transmission_system_for_evacua-maharashtr-power_grid_corporati,224.41,224.41,0.0,0,0,0,expenditure_ge_sanctioned,2026-07,Transmission & Distribution,Maharashtra,MEDIUM,0,1,0,0,0,5.4179209661938685,1.0,0,1,0,0,0,0,0,0,0,0,0,0,1,0,0,0,0,0,0,0,0,1
PN-upgradatiobn_and_rehabilitatio-maharashtr-morth,224.44,268.45,0.1960880413473533,1,1,0,expenditure_ge_sanctioned,2026-07,Roads & Highways,Maharashtra,MEDIUM,0,1,0,0,0,5.4180540481503705,1.0,0,0,0,0,1,0,0,0,0,0,0,0,1,0,0,0,0,0,0,0,0,1
PC-707050,325.0,936.64,1.8819692307692304,1,1,1,expenditure_ge_sanctioned,2026-07,Healthcare,Gujarat,MEDIUM,0,1,0,0,0,5.786897381366708,1.0,0,0,1,0,0,0,0,0,0,0,1,0,0,0,0,0,0,0,0,0,0,1
PC-707049,325.0,467.34,0.4379692307692306,1,1,1,expenditure_ge_sanctioned,2026-07,Healthcare,Gujarat,MEDIUM,0,1,0,0,0,5.786897381366708,1.0,0,0,1,0,0,0,0,0,0,0,1,0,0,0,0,0,0,0,0,0,0,1
PC-707039,250.0,667.21,1.6688400000000003,1,1,1,expenditure_ge_sanctioned,2026-07,Healthcare,Sikkim,MEDIUM,0,1,0,0,0,5.5254529391317835,1.0,0,0,1,0,0,0,0,0,0,0,0,0,0,0,0,0,0,0,0,0,0,1
PC-707021,250.0,271.0,0.084,1,0,0,expenditure_ge_sanctioned,2026-07,Healthcare,Jharkhand,MEDIUM,0,1,0,0,0,5.5254529391317835,1.0,0,0,1,0,0,0,0,0,0,0,0,0,0,0,0,0,0,0,0,0,0,1
PC-705526,519.0,746.81,0.4389402697495181,1,1,1,expenditure_ge_sanctioned,2026-07,Railways,Bihar,LARGE,0,0,1,0,0,6.253828811575473,1.0,1,0,0,0,0,0,0,0,0,0,0,0,0,1,0,0,0,0,0,0,0,1
PC-705527,1216.0,1460.42,0.2010032894736841,1,1,1,expenditure_ge_sanctioned,2026-07,Railways,Bihar,XLARGE,0,0,0,1,0,7.104144092987527,1.0,1,0,0,0,0,0,0,0,0,0,0,0,0,1,0,0,0,0,0,0,0,1
PC-705562,963.0,1000.05,0.0384735202492212,0,0,0,expenditure_ge_sanctioned,2026-07,,"Multi-States (Bihar, Uttar Pradesh)",LARGE,0,0,1,0,0,6.871091294610546,1.0,0,0,0,0,0,0,0,0,0,0,0,0,0,0,0,0,0,0,0,0,0,1
PC-705567,1016.0,777.21,-0.235029527559055,0,0,0,progress_100,2026-07,,Uttar Pradesh,XLARGE,0,0,0,1,0,6.92461239604856,1.0,0,0,0,0,0,0,0,0,0,0,0,1,0,0,0,0,0,0,0,0,1,0
PC-705588,722.0,1216.52,0.6849307479224376,1,1,1,expenditure_ge_sanctioned,2026-07,,Uttar Pradesh,LARGE,0,0,1,0,0,6.583409222158765,1.0,0,0,0,0,0,0,0,0,0,0,0,1,0,0,0,0,0,0,0,0,0,1
PC-705610,302.0,421.36,0.3952317880794702,1,1,1,expenditure_ge_sanctioned,2026-07,,"Multi-States (Andhra Pradesh, Tamil Nadu)",MEDIUM,0,1,0,0,0,5.713732805509369,1.0,0,0,0,0,0,0,0,0,0,0,0,0,0,0,0,0,0,0,0,0,0,1
PC-705616,2140.0,2540.98,0.187373831775701,1,1,0,expenditure_ge_sanctioned,2026-07,,"Multi-States (Chhattisgarh, Odisha)",XLARGE,0,0,0,1,0,7.669028288589683,1.0,0,0,0,0,0,0,0,0,0,0,0,0,0,0,0,0,0,0,0,0,0,1
PC-705629,2400.0,2886.02,0.2025083333333333,1,1,1,expenditure_ge_sanctioned,2026-07,,"Multi-States (Odisha, West Bengal)",XLARGE,0,0,0,1,0,7.783640596221253,1.0,0,0,0,0,0,0,0,0,0,0,0,0,0,0,0,0,0,0,0,0,0,1
PC-705632,647.0,705.66,0.0906646058732612,1,0,0,expenditure_ge_sanctioned,2026-07,,"Multi-States (Andhra Pradesh, Telangana)",LARGE,0,0,1,0,0,6.473890696352274,1.0,0,0,0,0,0,0,0,0,0,0,0,0,0,0,0,0,0,0,0,0,0,1
PC-705635,1432.0,3258.97,1.275817039106145,1,1,1,expenditure_ge_sanctioned,2026-07,,"Multi-States (Kerala, Tamil Nadu)",XLARGE,0,0,0,1,0,7.267525427828172,1.0,0,0,0,0,0,0,0,0,0,0,0,0,0,0,0,0,0,0,0,0,0,1
PC-705510,1284.0,1395.78,0.0870560747663551,1,0,0,expenditure_ge_sanctioned,2026-07,,Odisha,XLARGE,0,0,0,1,0,7.158513997329321,1.0,0,0,0,0,0,0,0,0,0,0,0,0,0,0,0,0,0,0,1,0,0,1
PC-705659,500.0,618.19,0.23638,1,1,1,expenditure_ge_sanctioned,2026-07,,Madhya Pradesh,LARGE,0,0,1,0,0,6.2166061010848646,1.0,0,0,0,0,0,0,0,0,0,0,0,0,0,0,0,0,0,0,0,0,0,1
