Sl.No,"Project Name
(Agency)
(Project Code) (Legacy OCMS Code)",State,"Date of Approval
(Start Date)
MM/YYYY","Orignal/Target DoC
(Revised DoC)
MM/YYYY","Orignal Cost
Revised Cost
in Rs. Crore","Cumulative
Expenditure
in Rs. Crore","Physical Progress
(%)"
1851,"Upgradation to 2-lane with Hard shoulder configuration of Suraithota Ch. 29.725 km to
Malari Ch. 60.550 km road on NH- 107B under in the state of Uttarakhand.
(MoRTH)
(618219)
(-)",Uttarakhand,"10/2022
(05/2024)","05/2026
(12/2026)","292.76
(292.76)",0,72.5
1852,"Construction, Operation & Maintenance of 2-L Bi-directional Silkyara Bend- Barkot
Tunnel with escape passage including approaches Tunnel-4.531 & Approach road-
0.328 on Dharasu-Yamunotri section b/w Chainage 25.400km and 51.00km falling
along NH-134 Old NH-94 on EPC mode
(NHIDCL)
(618390)
(N24000855)",Uttarakhand,"03/2018
(07/2018)","07/2022
(03/2027)","1383.78
(1383.78)",688.93,70.5
1853,"Construction for Mitigation Measures of 5 Nos. Landslides, 05 No. Sinking Zones and
01 No. Bridge from Ch. 450.00 to Ch. 468.00 18 Km. Length on NH-07 Package-III
(NHIDCL)
(618391)
(N24002164)",Uttarakhand,"12/2023
(06/2024)","12/2025
(12/2026)","250.33
(250.33)",0,81.23
1854,"Construction for Mitigation Measures of 5 Nos. Landslides, 5 Nos. Sinking Zones in
between Ch. 433.00 to 450.00 BANERPANI VILLAGE on NH-07 on EPC mode in the
state of Uttarakhand Package-2
(NHIDCL)
(618392)
(N24002206)",Uttarakhand,"12/2023
(12/2024)","06/2026
(06/2026)","259.64
(259.64)",0,52.51
1855,"Construction for Mitigation Measures of 10 Nos. Landslides, 01 No. Sinking Zones
and 1 No. of Minor Bridge in between at Ch. Km 368.00 to Km 433.00 on NH-07 on
EPC Mode in Uttarakhand Package-1
(NHIDCL)
(618393)
(N24002163)",Uttarakhand,"12/2023
(06/2024)","12/2025
(-)","216.68
(216.68)",107.69,96
1856,"4L of Haridwar Nagina section Design Ch. LME from km 13.829 to km 17.110 & km
26.077 to km 27.508 and Design Ch. RME from km 13.839 to km 17.120 & km 26.078
to km 27.509 of EUP mitigation measures on NH74
(National Highways Authority of India [NHAI])
(618875)
(-)",Uttarakhand,"11/2021
(08/2022)","02/2024
(06/2026)","183.92
(142.11)",96.31,70.42
1857,"Construction of 4-lane connectivity to Banbasa ICP at India Nepal border from NH-09
old NH-125 Sitarganj-Tanakpur at Km 40.00 near Jagbuda bridge under Bharatmala
Priyojana of NH-109D on EPC mode in the State of Uttarakhand
(National Highways Authority of India [NHAI])
(619142)
(-)",Uttarakhand,"06/2022
(03/2023)","09/2024
(04/2027)","216.97
(237.01)",152.33,75.24
1858,"Upgradation and 4L of Haridwar Bypass from Km 0.000 Km 188.100 of NH-58 to Km.
15.100 Km 5.100 of NH 74 PKg-1
(National Highways Authority of India [NHAI])
(619155)
(N24001526)",Uttarakhand,"11/2021
(10/2022)","10/2024
(10/2026)","1602.89
(1423.89)",585.02,75.59
1859,"4L Medinipur to Ballupur from Km. 458.65 to Km. 487.65 of NH-07Pkg-2
(NHAI)
(619292)
(-)",Uttarakhand,"03/2022
(02/2023)","02/2025
(04/2026)","1092.9
(1072.5)",712.04,93.9
1860,"Construction of 4 Lane Access Controlled Bypass for Dehradun on NH307 from
Design Chainage km 0050 Jhajra on NH-07 to Design Chainage km 12220 Asharori
on EPC Mode in the State of Uttarakhand under NHO
(NHAI)
(619293)
(-)",Uttarakhand,"12/2023
(04/2025)","04/2027
(04/2027)","715.97
(337.11)",115.32,43.28
1861,"Road Safety Improvement of existing four lane section of Dehradun-Lal Tappar-Nepali
Farm Section of NH-7 and Nepali Farm-Motichur NH-34 on EPC Mode in Uttarakhand
under NHO.
(NHAI)
(619294)
(-)",Uttarakhand,"05/2025
(02/2026)","08/2028
(08/2028)","720.67
(388.19)",0,0
1862,"Four/Six laning of Bhaniyawala-Jollygrant-Rishikesh spur section of NH-07 from Km.
0.000 to Km 19.780
(NHAI)
(619295)
(-)",Uttarakhand,"02/2023
(12/2025)","11/2027
(11/2027)","742.43
(664.92)",0.3,0
1863,"Construction of additional major Bridge with 4- lane configuration of length 1.48 km on
NH-60 NH-14 over River Kangshabati from Km. 117.770 to Km 119.250 and
additional major Bridge with 4- lane configuration of length 0.900 km on NH-60 NH-
14 over River Shilabati from Km. 173.220 to Km 174.120 in the district of Paschim
Medinipur of West Bengal under Annual Plan for FY 2023-24 on EPC mode. Job No
014-W8-2023-24/527 .
(MoRTH)
(617893)
(-)",West Bengal,"11/2023
(11/2025)","05/2028
(05/2028)","304.83
(304.83)",0,0
1864,"Construction or 4 lane Raniganj Bypass of length 5.261 km on NH-60 new NH-14
from km 273.00 of NH to km 478.18 of NH-2 New NH 16 in paschim Bardhaman,
West Bengal in EPC Mode- reg. Job No. 014-WB-2022-23/514
(MoRTH)
(617894)
(-)",West Bengal,"03/2023
(03/2024)","03/2026
(12/2026)","410.83
(410.83)",157.03,62.92
1865,"Construction of ROB and its approaches in lieu of LC No. 10/B/T at Km 307.050 of
NH-60.
(MoRTH)
(617931)
(-)",West Bengal,"03/2016
(08/2023)","08/2025
(03/2027)","155.87
(138.57)",0,15.63
1866,"Construction of new road at the missing link portion of NH-81 along approved
alignment between Harishchandrapur and Eastern approach of Kalindri Bridge from
Km 46.550 to Km 59.697 in the district of Malda. Job No-081-WB-2015-16/400
(MoRTH)
(617960)
(N24000874)",West Bengal,"08/2016
(11/2016)","11/2018
(06/2026)","271.17
(291.2)",209.23,84.47
