project_id,observation_count,reporting_month,project_name,agency,project_code,ministry,sector,state,approval_date,original_completion_date,revised_completion_date,original_cost_crore,revised_cost_crore,cumulative_expenditure_crore,physical_progress_pct,source_file,source_page,extraction_timestamp,cost_overrun_ratio,cost_overrun_5pct,cost_overrun_10pct,cost_overrun_20pct,delay_months,delay_gt_3_months,delay_gt_6_months,delay_gt_12_months,future_3m_cost_revision,future_6m_cost_revision,future_3m_progress_stall,future_6m_progress_stall
618372,12,2025-12,"Widening / Improvement to 4-Lane with Paved Shoulder configuration of existing single lane road from Kachukhana Harichara Paglagaunj to Dhubri - Phulbari Bridge approach Package-II of Srirampur - Dhubri Section of NH-127B from existing Km 28.050 to Km 55.060 Design Km 27.650 to Km 54.154, Design Length26.504 Km under JICA ODA Loan assistance Phase-V [Srirampur - Dhubri Pkg-2]",NHIDCL,618372,,,Assam,03/2022,06/2025,,909.02,909.02,0.0,100.0,FlashReport_December_2025_page44_table1.csv,44,2026-08-28T21:13:48.887402,-1.0,0,0,0,0,0,0,0,0,0,1,1
618436,16,2026-01,4-Laning of Jamugurihat to end of Biswanath Chariali By-Pass from Km 182.000 to Km 208.000 of NH-52 on EPC mode in state of Assam under SARDP-NE,NHIDCL,618436,,,Assam,03/2015,06/2019,03/2025,599.0,599.0,404.62,100.0,FlashReport_January_2026_page52_table1.csv,52,2026-08-28T21:13:50.297576,-0.32450751252086807,0,0,0,69,1,1,1,0,0,1,1
618437,16,2025-12,"Construction of Balance Work of 4-Laning of NH-37 Section between End of Moran Bypass to Bogibeel junction near Lapetketa Km. 561.700-Km. 580.875 under SARDP-NE, Phase 'A' in the State of Assam on EPC mode Pkg-I Road works & Toll Plaza",NHIDCL,618437,,,Assam,01/2016,08/2025,,274.34,274.34,0.0,100.0,FlashReport_December_2025_page43_table1.csv,43,2026-08-28T21:13:48.883297,-1.0,0,0,0,0,0,0,0,0,0,1,1
618438,16,2026-03,"4-Laning of NH-37 Section between Demow to End of Moran Bypass From Km. 534.800 to Km. 561.700 including Emergency Landing Facility ELF under SARDP-NE, Phase 'A' in the State of Assam on EPC mode",NHIDCL,618438,,,Assam,01/2016,07/2024,08/2025,385.57,385.57,145.89,100.0,FlashReport_March_2026_page44_table1.csv,44,2026-08-28T21:13:52.361963,-0.6216251264361854,0,0,0,13,1,1,1,0,0,1,1
618442,14,2026-06,"Construction of Balance Work of the 4-Laning of the Section from Jorhat to Jhanji of NH-37 Old from Km 477.000 to Km 490800 13.800 Km, under SARDP- NE under EPC Mode in the state of Assam Pkg-III Road Works",NHIDCL -) (-,618442,,,Assam,01/2024,08/2024,06/2026,358.72,358.72,398.28,100.0,FlashReport_June_2026_page103_table0.csv,103,2026-08-28T21:13:51.381876,0.1102809991079392,1,1,0,22,1,1,1,0,0,1,1
618455,16,2026-02,Development of External Trunk Connectivity and Internal Infrastructure Works at Multi Model Logistics ParkMMLP at Jogighopa in the State of Assam on EPC Mode Package-I Road and Utility Works,NHIDCL N24002030,618455,,,Assam,02/2020,04/2022,10/2024,693.97,693.97,296.92,100.0,FlashReport_February_2026_page109_table1.csv,109,2026-08-28T21:13:49.271735,-0.572142888021096,0,0,0,30,1,1,1,0,0,1,1
618582,5,2026-02,4L of Galgalia - Bahadurganj section from Km 0.000 to Km 49.000 Package-I of NH327E,National Highways Authority of India [NHAI] -,618582,,,Bihar,01/2021,01/2024,,1282.97,1282.97,599.36,100.0,FlashReport_February_2026_page111_table1.csv,111,2026-08-28T21:13:49.286063,-0.5328339711762551,0,0,0,0,0,0,0,0,0,1,1
618583,5,2026-02,4L of Bahadurganj Araria section from Km 49.000 to Km 94.000 Package-II of NH- 327E,National Highways Authority of India [NHAI] -,618583,,,Bihar,01/2021,01/2024,05/2024,1358.77,1358.77,713.95,100.0,FlashReport_February_2026_page111_table1.csv,111,2026-08-28T21:13:49.286235,-0.474561551991875,0,0,0,4,1,0,0,0,0,1,1
618774,6,2025-12,Ara - Mohania Pkg-II,National Highways Authority of India [NHAI],618774,,,Bihar,08/2020,07/2023,11/2025,984.63,827.51,798.12,100.0,FlashReport_December_2025_page82_table1.csv,82,2026-08-28T21:13:49.127330,-0.18942140702598942,0,0,0,28,1,1,1,0,0,1,1
618839,6,2025-12,Aunta - Simaria including Ganga Bridge,National Highways Authority of India [NHAI],618839,,,Bihar,08/2018,02/2022,05/2025,1309.47,2107.68,796.99,100.0,FlashReport_December_2025_page82_table1.csv,82,2026-08-28T21:13:49.127479,-0.39136444515720104,0,0,0,39,1,1,1,0,0,1,1
619136,8,2026-05,Rehabilitation and Upgradation of Chorma - Bairgania Section of National Highway No 227F to 2 lane with paved shoulders from Design Ch.0.000 to Ch. 34.566,National Highways Authority of India [NHAI] -) (11803,619136,,,Bihar,06/2022,01/2026,06/2026,610.78,628.65,335.08,100.0,FlashReport_May2026_page104_table0.csv,104,2026-08-28T21:13:52.655307,-0.4513900258685615,0,0,0,5,1,0,0,0,0,1,1
619320,3,2026-04,Muzaffarpur - Sonbarsa Section of NH-77 from km 2.800 to km 89.000,NHAI -) (-,619320,,,Bihar,05/2011,11/2013,06/2026,2290.72,2311.1,468.71,100.0,FlashReport_April2026_page105_table0.csv,105,2026-08-28T21:13:47.929548,-0.7953874764266257,0,0,0,151,1,1,1,0,0,1,1
618674,8,2026-05,Development of 6L Sargi Basanwahi Section from km 42.800 to km 99.500 of NH- 130CD Pkg-CG-2,National Highways Authority of India [NHAI] N24001588) (10477,618674,,,Chhattisgarh,12/2021,01/2025,06/2026,1470.73,1461.81,756.12,100.0,FlashReport_May2026_page105_table0.csv,105,2026-08-28T21:13:52.660185,-0.48588796040061744,0,0,0,17,1,1,1,0,0,1,1
618849,6,2025-12,Conversion of Partially Excavated Escape Tunnel to Uni-Directional 2L Tunnelincluding construction of cross passages and approach roads on either side of the tunnel from Km 12.732 to Km 14.568 of Kiratpur to Nerchowk Section of NH-21,National Highways Authority of India [NHAI],618849,,,Chhattisgarh,05/2022,03/2024,08/2025,444.21,412.88,394.5,100.0,FlashReport_December_2025_page83_table1.csv,83,2026-08-28T21:13:49.131829,-0.1119065306949415,0,0,0,17,1,1,1,0,0,1,1
619103,8,2026-02,4/6 Laning of Raipur-Simga Pkg-I from km. 0.00 to km. 48.58,National Highways Authority of India [NHAI] -,619103,,,Chhattisgarh,04/2016,04/2018,,1096.52,1172.36,24.03,100.0,FlashReport_February_2026_page114_table1.csv,114,2026-08-28T21:13:49.303533,-0.9780852150439573,0,0,0,0,0,0,0,0,0,1,1
619090,7,2026-01,8L of Dwarka Expressway Pkg-II RuB near Dwarka Sector 21-DL/HR Border from 5.300 Km.to 9.500 Km. of NH-248BB,National Highways Authority of India [NHAI],619090,,,Delhi,01/2018,10/2021,07/2025,2067.67,2670.22,628.68,100.0,FlashReport_January_2026_page99_table1.csv,99,2026-08-28T21:13:50.615772,-0.6959476125300459,0,0,0,45,1,1,1,0,0,1,1
618460,7,2026-03,Delhi-Vadodara Greenfield Alignment NH-148N Pkg-28 Ch.756052 to Ch.781282,National Highways Authority of India [NHAI] N24001519,618460,,,Gujarat,09/2020,11/2023,04/2026,1263.38,1266.98,864.33,100.0,FlashReport_March_2026_page104_table1.csv,104,2026-08-28T21:13:51.904281,-0.31585904478462534,0,0,0,29,1,1,1,0,0,1,1
618462,8,2026-03,Delhi-Vadodara Greenfield Alignment NH-148N Pkg-31 Ch.824920 to Ch.844382 [Junction near Pratap nagar Village - Junction near Dodka Village],National Highways Authority of India [NHAI] N24001520,618462,,,Gujarat,11/2019,05/2023,04/2026,1644.85,1651.14,961.69,100.0,FlashReport_March_2026_page104_table1.csv,104,2026-08-28T21:13:51.904487,-0.4153327051098884,0,0,0,35,1,1,1,0,0,1,1
618501,6,2026-02,Ahmedabad - Dholera Pkg I from km. 0.00 to km. 22.00 [Sardar Patel Ring Road - Sindhrej Village],National Highways Authority of India [NHAI] N24001443,618501,,,Gujarat,05/2020,01/2024,10/2024,1298.0,1421.05,1007.59,100.0,FlashReport_February_2026_page115_table1.csv,115,2026-08-28T21:13:49.310112,-0.2237365177195686,0,0,0,9,1,1,0,0,0,1,1
618502,6,2026-04,Ahmedabad - Dholera Pkg II from km. 22.00 to km. 48.52 [Sindhrej Village - Vejallka Village],National Highways Authority of India [NHAI] N24001444) (10360,618502,,,Gujarat,05/2020,01/2024,05/2026,1415.34,1729.69,1354.93,100.0,FlashReport_April2026_page108_table0.csv,108,2026-08-28T21:13:47.939643,-0.042682323681942025,0,0,0,28,1,1,1,0,0,1,1
618503,8,2026-01,Ahmedabad - Dholera Pkg III from km. 48.52 to km. 71.06 [Vejallka Village - Start of DSIR zone],National Highways Authority of India [NHAI],618503,,,Gujarat,05/2020,07/2023,05/2024,1034.04,1155.41,947.31,100.0,FlashReport_January_2026_page100_table1.csv,100,2026-08-28T21:13:49.978815,-0.08387489845653939,0,0,0,10,1,1,0,0,0,1,1
618699,5,2026-02,Pipli Bhavnagar-Package 1 from km 136.025 to km 169.328,National Highways Authority of India [NHAI] -,618699,,,Gujarat,03/2018,09/2021,,819.14,1297.38,188.7,100.0,FlashReport_February_2026_page116_table1.csv,116,2026-08-28T21:13:49.314480,-0.7696364479820299,0,0,0,0,0,0,0,0,0,1,1
618834,6,2025-12,4L Kodinar - Veraval Package VI from km. 222.400 to km. 230.00 Kodinar Bypass of NH-8E NH 51 new,National Highways Authority of India [NHAI],618834,,,Gujarat,03/2022,09/2023,,162.73,192.01,162.0,100.0,FlashReport_December_2025_page84_table1.csv,84,2026-08-28T21:13:49.136263,-0.004485958335893714,0,0,0,0,0,0,0,0,0,1,1
618835,6,2025-12,4L of Bal Works of Talaja - Mahuva from 54.990 km. to 100.450 km. of Old NH-8E Package-II,National Highways Authority of India [NHAI],618835,,,Gujarat,08/2020,09/2022,,698.4,735.51,418.26,100.0,FlashReport_December_2025_page84_table1.csv,84,2026-08-28T21:13:49.136422,-0.4011168384879725,0,0,0,0,0,0,0,0,0,1,1
619067,6,2026-01,6L of Chiloda-Naroda section from Km. 540.595 to Km. 555.595 of NH-8Package-VII,National Highways Authority of India [NHAI],619067,,,Gujarat,05/2017,05/2019,07/2021,356.6,463.03,39.06,100.0,FlashReport_January_2026_page101_table1.csv,101,2026-08-28T21:13:49.983374,-0.8904655075715087,0,0,0,26,1,1,1,0,0,1,1
619137,5,2026-01,4L of Dwarka-Khambaliya-Devariya section from km 203.500 to km 176.500 and from km 171.800 to km 125.000 of NH-151A,National Highways Authority of India [NHAI],619137,,,Gujarat,01/2019,08/2022,06/2023,1024.69,1753.95,542.11,100.0,FlashReport_January_2026_page101_table1.csv,101,2026-08-28T21:13:49.983623,-0.4709521904185656,0,0,0,10,1,1,0,0,0,1,1
619145,8,2026-01,Four Laning of Una to Kodinar from km. 180.478 to km. 221.610 Package-V,National Highways Authority of India [NHAI],619145,,,Gujarat,02/2017,08/2019,,877.71,1126.66,114.11,100.0,FlashReport_January_2026_page101_table1.csv,101,2026-08-28T21:13:49.983714,-0.8699912271707055,0,0,0,0,0,0,0,0,0,1,1
619148,6,2026-01,4L of Bhavnagar - Talaja Package-I from Km. 6.945 to Km. 54.990 of Old NH-8E,National Highways Authority of India [NHAI],619148,,,Gujarat,02/2017,08/2019,,1185.66,1343.16,53.18,100.0,FlashReport_January_2026_page101_table1.csv,101,2026-08-28T21:13:49.983994,-0.9551473440952718,0,0,0,0,0,0,0,0,0,1,1
618850,8,2026-01,Nerchowk km 190.000 to Pandoh including Pandoh bypass km221.305,National Highways Authority of India [NHAI],618850,,,Himachal Pradesh,03/2016,07/2020,07/2025,1464.12,1651.67,841.02,100.0,FlashReport_January_2026_page101_table1.csv,101,2026-08-28T21:13:49.986832,-0.42557987050241786,0,0,0,60,1,1,1,0,0,1,1
618852,8,2025-12,4L Sundar Nagar Bypass from Km.173.900 to Km.179.600 of NH-21,National Highways Authority of India [NHAI],618852,,,Himachal Pradesh,02/2022,06/2024,,191.11,192.11,181.27,100.0,FlashReport_December_2025_page85_table1.csv,85,2026-08-28T21:13:49.140412,-0.05148867144576419,0,0,0,0,0,0,0,0,0,1,1
618220,5,2026-03,Reconstruction and widening to 2 lane with paved shoulder from existing chainage km 102000 to km 134950 Design chainage km 90150 to km 116980 including construction of Naushera Tunnel Total length of tunnel 0.700 km under 31 TF on Akhnoor-Poonch road NH-144A in the UT of Jammu & Kashmir under Project Sampark BRO on EPC mode Package-V Job no NH-144A-J&K-2020-21-104,MoRTH N24001897,618220,,,Jammu and Kashmir,03/2021,07/2024,03/2026,642.24,572.51,0.0,100.0,FlashReport_March_2026_page108_table1.csv,108,2026-08-28T21:13:51.927079,-1.0,0,0,0,20,1,1,1,0,0,1,1
618000,8,2026-06,Widening to 2-Lane with Paved Shoulders from Km 116.800 to 149.070Design Changes on Hosadurga - Holalkere Section of NH-173 in the State of Karnataka on EPC mode under Annual Plan 2021-22 Job no. NH-173-KNT-2021-22-946,MoRTH -) (-,618000,,,Karnataka,03/2022,02/2024,06/2026,170.34,147.39,106.96,100.0,FlashReport_June_2026_page117_table0.csv,117,2026-08-28T21:13:51.431429,-0.37207937067042396,0,0,0,28,1,1,1,0,0,1,1
619070,4,2026-02,Tumkur-Chitradurga,National Highways Authority of India [NHAI] -,619070,,,Karnataka,06/2011,12/2013,,839.0,47.44,0.78,100.0,FlashReport_February_2026_page125_table1.csv,125,2026-08-28T21:13:49.366192,-0.9990703218116805,0,0,0,0,0,0,0,0,0,1,1
619144,5,2026-02,Hospet - Chitradurga from km. 299.00 to km. 418.750,National Highways Authority of India [NHAI] -,619144,,,Karnataka,02/2016,08/2018,,1519.72,387.48,3.02,100.0,FlashReport_February_2026_page125_table1.csv,125,2026-08-28T21:13:49.368128,-0.998012791830074,0,0,0,0,0,0,0,0,0,1,1
619218,7,2026-02,4L Tumkur-Shimoga Pkg-I from Mallasandra to Karadi village of NH-206 from Km. 12.300 to Km. 65.195,National Highways Authority of India [NHAI] -,619218,,,Karnataka,02/2018,10/2021,10/2024,1364.14,1692.12,177.0,100.0,FlashReport_February_2026_page126_table1.csv,126,2026-08-28T21:13:49.371294,-0.8702479217675605,0,0,0,36,1,1,1,0,0,1,1
618598,8,2026-01,6L Minor Bridge Paloli Palam at km. 203.160 & Major Bridge Morad at km. 204.895 and allied works,National Highways Authority of India [NHAI],618598,,,Kerala,03/2020,06/2022,02/2024,210.0,216.94,70.89,100.0,FlashReport_January_2026_page107_table1.csv,107,2026-08-28T21:13:50.016249,-0.6624285714285714,0,0,0,20,1,1,1,0,0,1,1
618599,8,2026-06,6L of Ramanatukkara Junction to start of Valanchery bypass section of NH-66,NHAI -) (-,618599,,,Kerala,01/2021,07/2024,07/2026,4924.11,4919.46,3635.17,100.0,FlashReport_June_2026_page120_table0.csv,120,2026-08-28T21:13:51.446806,-0.26176100858835394,0,0,0,24,1,1,1,0,0,1,1
618600,8,2026-06,6L of Valanchery bypass to Kappirikkad of NH 66 from km. 298500 to km 335850,NHAI -) (-,618600,,,Kerala,02/2021,07/2024,07/2026,4023.94,4023.94,2476.49,100.0,FlashReport_June_2026_page120_table0.csv,120,2026-08-28T21:13:51.446977,-0.38456090299557155,0,0,0,24,1,1,1,0,0,1,1
617915,7,2026-06,Upgradation of Dindori-Sagartola-kabichabutra MP-CG border section of NH -45 from km 000Design to km 77.00 Design to Two lane with paved shoulder configration along with one time improvement in 04 nos. of bypaased built-up areas in a total length of 9.1 km in the state of Madhya Pradesh on EPC mode.,MoRTH -) (-,617915,,,Madhya Pradesh,01/2022,09/2025,07/2026,329.14,319.09,0.0,100.0,FlashReport_June_2026_page121_table0.csv,121,2026-08-28T21:13:51.450581,-1.0,0,0,0,10,1,1,0,,,,
618762,7,2026-02,Itarsi Km. 63.000 to Betul Km. 137.000 of NH-69 in Madhya Pradesh,National Highways Authority of India [NHAI] -,618762,,,Madhya Pradesh,08/2017,02/2020,02/2025,950.27,788.33,395.04,100.0,FlashReport_February_2026_page129_table1.csv,129,2026-08-28T21:13:49.389955,-0.5842865711850316,0,0,0,60,1,1,1,0,0,1,1
617933,5,2026-03,Up-gradation to four lane/ Two lane with paved shoulders configuration of Kalyan - Murbad - Malshej Ghat - Nirmal Road NH- 61 km 15/200 to Km 38/00 and from Km. 58/00 to Km 84/00 Design length 48.58 km of NH-61 on EPC Mode in Thane District in the state of Maharashtra,MoRTH N24002174,617933,,,Maharashtra,02/2023,08/2026,08/2026,984.07,984.07,0.0,100.0,FlashReport_March_2026_page119_table1.csv,119,2026-08-28T21:13:51.989364,-1.0,0,0,0,0,0,0,0,0,0,1,1
618099,5,2026-02,"Rehabilitation & up-gradation for Talere Gaganbawada - kolhapur Road NH 166G stretch start from km. 0/00 to Km. 06/00 and km. 13/00 to km 19/440 of NH-166G, length 12.440 km in the State of Maharashtra.",MoRTH -,618099,,,Maharashtra,03/2024,04/2026,,164.13,164.13,98.68,100.0,FlashReport_February_2026_page132_table1.csv,132,2026-08-28T21:13:49.405002,-0.3987692682629622,0,0,0,0,0,0,0,0,0,1,1
618174,7,2026-04,Rehabilitation and Upgradation to two lane with paved shoulder configuration of NH- 752G from Sakri to Pimpalner Section Design Ch km 0000 to Ch km 21411 in the state of Maharashtra on EPC Mode. Length 21.411 km.,MoRTH -) (-,618174,,,Maharashtra,03/2024,10/2026,10/2026,226.58,226.58,0.0,100.0,FlashReport_April2026_page126_table0.csv,126,2026-08-28T21:13:48.017607,-1.0,0,0,0,0,0,0,0,0,0,1,1
618188,8,2026-07,Rehabilitation and Up-gradation to 2 lane with paved shoulder configuration of Mahud Sangola road NH 965 G 159400 to 161900and 162400 to 183960 Design Chainage from km. 32/300 to km. 34/800 and km. 35/800 to km. 56/860 Rigid Pavement on EPC mode in the State of Maharashtra.,MoRTH -) (-,618188,,,Maharashtra,02/2023,05/2025,08/2026,253.78,253.78,98.95,100.0,FlashReport_July_2026_page119_table0.csv,119,2026-08-28T21:13:50.964942,-0.6100953581842541,0,0,0,15,1,1,1,,,,
618652,5,2026-02,Chakur Loha Section of NH-361 from km 114.600 to km 187.80,National Highways Authority of India [NHAI] -,618652,,,Maharashtra,03/2018,03/2021,02/2024,1241.38,3342.11,785.13,100.0,FlashReport_February_2026_page134_table1.csv,134,2026-08-28T21:13:49.417420,-0.36753451803637893,0,0,0,35,1,1,1,0,0,1,1
618346,16,2026-05,Widening to 2-lane with Hard shoulder of Churachandpur to Tuivai Section of NH- 102B from km 32.835 to km 48.587 in the State of Manipur on EPC mode under NHO Package-2A,NHIDCL N24001270) (-,618346,,,Manipur,04/2020,06/2022,03/2026,232.99,232.99,150.9,100.0,FlashReport_May2026_page129_table0.csv,129,2026-08-28T21:13:52.754246,-0.3523327181424095,0,0,0,45,1,1,1,0,0,1,1
618347,16,2026-05,Widening to 2-lane with Hard shoulder of Churachandpur to Tuivai Section of NH- 102B from km 13.747 to km 32.835 in the State of Manipur on EPC mode under NHO Package-1B,NHIDCL N24001269) (-,618347,,,Manipur,04/2020,06/2022,03/2026,241.52,241.52,152.86,100.0,FlashReport_May2026_page129_table0.csv,129,2026-08-28T21:13:52.754436,-0.3670917522358397,0,0,0,45,1,1,1,0,0,1,1
618356,16,2026-02,Construction of 2 -Lane with paved shoulders road from Tamenglong to Mahur in the state of Manipur from km 31.430 at Old Tamenglong to km 43.480 ending near Phelong on EPC Mode Package-3,NHIDCL N24001354,618356,,,Manipur,03/2021,12/2022,12/2025,234.08,234.08,196.29,100.0,FlashReport_February_2026_page137_table1.csv,137,2026-08-28T21:13:49.430212,-0.16144053315105955,0,0,0,36,1,1,1,0,0,1,1
618415,16,2026-02,"Improvement of existing road to 2 laning with Hard Shoulders of Maram-Peren section Package-1B, length- 17.660 km from Design Chainage 22.340 km to 40.000 km on NH-129A in the State of Manipur on EPC mode",NHIDCL N24001350,618415,,,Manipur,02/2021,12/2022,04/2025,188.36,188.36,0.0,100.0,FlashReport_February_2026_page137_table1.csv,137,2026-08-28T21:13:49.430881,-1.0,0,0,0,28,1,1,1,0,0,1,1
618377,15,2026-06,Improvement/Widening to 2-L with Paved Shoulder/4-L from Km 81740 to Km 93490 design Km 0000 to Km 10670 of NH-40 New NH-106 & 206 section & 4-L from design Km 0.00 to Km 0.930 of NH-44 section between Shillong-Dawki under JICA ODA Loan assistance Phase-II -Balance Work Pkg-1,NHIDCL -) (-,618377,,,Meghalaya,07/2020,10/2025,06/2026,351.12,351.12,0.0,100.0,FlashReport_June_2026_page132_table0.csv,132,2026-08-28T21:13:51.495728,-1.0,0,0,0,8,1,1,0,0,0,1,1
618382,12,2025-12,Widening and up-gradation to 2-lane with paved shoulder configuration and geometric improvements from km 298.00 to km 339.00 on Aizawl-Tuipang section under JICA ODA Loan assistance Phase-I Package-7,NHIDCL,618382,,,Mizoram,09/2019,04/2024,03/2025,605.76,750.32,0.01,100.0,FlashReport_December_2025_page46_table1.csv,46,2026-08-28T21:13:48.899870,-0.9999834918119387,0,0,0,11,1,1,0,0,0,1,1
619077,8,2026-01,6 laning of Balance Work of Chennai - Tada from km. 21.40 to km. 54.40,National Highways Authority of India [NHAI],619077,,,"Multi-States (Andhra Pradesh, Tamil Nadu)",12/2017,03/2020,09/2022,464.62,472.37,18.83,100.0,FlashReport_January_2026_page115_table1.csv,115,2026-08-28T21:13:50.064797,-0.9594722568981103,0,0,0,30,1,1,1,0,0,1,1
618577,6,2026-02,Dwarka Expressway Pkg-III Delhi/HR Border to Start of RoB Gurugram,National Highways Authority of India [NHAI] -,618577,,,"Multi-States (Delhi, Haryana)",01/2018,11/2020,02/2024,2228.26,2298.37,928.18,100.0,FlashReport_February_2026_page141_table1.csv,141,2026-08-28T21:13:49.450494,-0.583450764273469,0,0,0,39,1,1,1,0,0,1,1
619122,5,2026-01,Akshardham - DL/UP Border Pkg-01,National Highways Authority of India [NHAI],619122,,,"Multi-States (Delhi, Uttar Pradesh)",09/2020,12/2024,,1479.22,1476.75,1327.01,100.0,FlashReport_January_2026_page116_table1.csv,116,2026-08-28T21:13:50.070262,-0.10289882505644865,0,0,0,0,0,0,0,0,0,1,1
618935,5,2026-01,4L Ambala - Kalaamb from Km. -0.800 to Km. 33.015 of old NH-72,National Highways Authority of India [NHAI],618935,,,"Multi-States (Haryana, Punjab)",10/2022,06/2025,,1183.7,1190.34,452.04,100.0,FlashReport_January_2026_page116_table1.csv,116,2026-08-28T21:13:50.071190,-0.6181126974740221,0,0,0,0,0,0,0,0,0,1,1
618533,7,2026-01,Barwa Adda Km. 398.240 to Panagarh Km. 521.120,National Highways Authority of India [NHAI],618533,,,"Multi-States (Jharkhand, West Bengal)",08/2010,09/2016,,1560.39,1568.22,8.05,100.0,FlashReport_January_2026_page116_table1.csv,116,2026-08-28T21:13:50.072812,-0.9948410333314107,0,0,0,0,0,0,0,0,0,1,1
619205,7,2026-05,Six Laning of KT/KL Border Thalapaddy -Chengala from Km. 17.200 to Km. 57.20,National Highways Authority of India [NHAI] -) (11895,619205,,,"Multi-States (Karnataka, Kerala)",05/2020,05/2024,06/2026,1981.07,2681.48,1060.64,100.0,FlashReport_May2026_page135_table0.csv,135,2026-08-28T21:13:52.780840,-0.4646125578601462,0,0,0,25,1,1,1,0,0,1,1
618515,5,2026-03,6L from Belgaum to Sankeshwar Bypass from Km. 515.000 to Km. 555.017 of NH-48 Pkg-I,National Highways Authority of India [NHAI] N24001679,618515,,,"Multi-States (Karnataka, Maharashtra)",11/2021,04/2025,04/2026,1479.3,1237.04,1136.31,100.0,FlashReport_March_2026_page131_table1.csv,131,2026-08-28T21:13:52.055540,-0.2318596633542892,0,0,0,12,1,1,0,0,0,1,1
619097,8,2026-01,Thalassery Mahe Bypass Km 170.600 to Km 189.200 of NH-17New NH-66 in Kerala,National Highways Authority of India [NHAI],619097,,,"Multi-States (Kerala, Puducherry)",09/2017,05/2020,06/2023,1181.12,1573.18,4.81,100.0,FlashReport_January_2026_page117_table1.csv,117,2026-08-28T21:13:50.077381,-0.9959275941479274,0,0,0,37,1,1,1,0,0,1,1
618938,5,2026-01,4L of Rajura-Korpana-Adilabad Road upto M.S. Border from km 32.910 to km 89.090 of NH-353B,National Highways Authority of India [NHAI],618938,,,"Multi-States (Maharashtra, Telangana)",03/2022,10/2024,04/2025,1013.33,1274.63,546.55,100.0,FlashReport_January_2026_page117_table1.csv,117,2026-08-28T21:13:50.077680,-0.46063967315681964,0,0,0,6,1,0,0,0,0,1,1
618755,5,2026-04,4L of left out existing road section from Lalgopalganj Km 161.450 to Nawabganj Km 180.200 in Prayagraj,National Highways Authority of India [NHAI] -) (-,618755,,,"Multi-States (Rajasthan, Uttar Pradesh)",03/2024,03/2026,05/2026,159.53,100.74,72.27,100.0,FlashReport_April2026_page136_table0.csv,136,2026-08-28T21:13:48.056839,-0.5469817589168182,0,0,0,2,0,0,0,0,0,1,1
618072,15,2026-03,Widening to Existing single lane /intermediate lane to 2 lane from Km185.00 to Km 220.00 of NH-61 New NH-02 in the state of Nagaland.,MoRTH N24001466,618072,,,Nagaland,03/2021,07/2024,03/2026,297.25,297.25,149.19,100.0,FlashReport_March_2026_page132_table1.csv,132,2026-08-28T21:13:52.062671,-0.4980992430613962,0,0,0,20,1,1,1,0,0,1,1
618423,16,2026-03,Construction of 2-Lane with hard shoulders of Merangkong-Tamlu-Mon MTM Road from existing Km 20.456 to Km 41.065 Design Km. 20 to Km. 40.0 Design Length- 20.000 Km in the State of Nagaland under SARDP-NE Phase-A Pkg-2 Balance work,NHIDCL N24000763,618423,,,Nagaland,03/2018,08/2025,03/2026,215.79,215.79,28.64,100.0,FlashReport_March_2026_page133_table1.csv,133,2026-08-28T21:13:52.068061,-0.8672783724917744,0,0,0,7,1,1,0,0,0,1,1
617924,5,2026-03,Construction of bypass to Nayagarh town from km 235.469 to 252.482 of NH-57 including land acquisition in the state of Odisha.,MoRTH N24001860,617924,,,Odisha,01/2022,04/2025,03/2026,300.33,300.33,82.33,100.0,FlashReport_March_2026_page134_table1.csv,134,2026-08-28T21:13:52.072062,-0.7258682116338694,0,0,0,11,1,1,0,0,0,1,1
618704,6,2026-07,6L Flyover including RE Wall approaches with Flexible Pavement in the Elephant Corridor of Angul Sambalpur Section of NH-42 New NH-55 Km.202.533,NHAI -) (-,618704,,,Odisha,09/2023,01/2027,08/2026,150.86,106.32,106.14,100.0,FlashReport_July_2026_page131_table0.csv,131,2026-08-28T21:13:51.013189,-0.296433779663264,0,0,0,-5,0,0,0,,,,
618023,7,2026-04,Work of Widening/upgradation of 2-Lane with paved shoulder of Sri Muktsar Sahib to Malout road from Km 279.400 to Km 307.060 section of NH-354 in the State of Punjab on EPC mode. Job No. NH-354-PB-2021-22-555,MoRTH N24001961) (-,618023,,,Punjab,03/2022,04/2025,03/2026,152.58,152.58,0.0,100.0,FlashReport_April2026_page140_table0.csv,140,2026-08-28T21:13:48.075092,-1.0,0,0,0,11,1,1,0,0,0,1,1
617887,7,2026-06,Beawer Gomti 4LPS from km 58.245 to km 108.600 Pkg-I,MoRTH -) (-,617887,,,Rajasthan,12/2020,10/2023,07/2026,379.23,379.23,206.48,100.0,FlashReport_June_2026_page141_table0.csv,141,2026-08-28T21:13:51.530573,-0.4555283073596499,0,0,0,33,1,1,1,,,,
617891,6,2026-01,"Construction of Two lane with Paved Shoulder for Fatehpur Bypass Design Km 0.000 to Km 7.400 , Mandawa Bypass Design Km 20.925 to Km 27.300 & Jhunjhunu Bypass Design Km 41.625 to Km 54.689 of NH-11 on EPC Mode in the state of Rajasthan .",MoRTH,617891,,,Rajasthan,03/2022,08/2024,01/2026,186.29,186.29,66.7,100.0,FlashReport_January_2026_page121_table1.csv,121,2026-08-28T21:13:50.102001,-0.6419560899672554,0,0,0,17,1,1,1,0,0,1,1
618118,6,2026-02,Upgradation of two lane paved shoulder from Shahpura existing km. 0.00 Design Ch. 000 to Thanagazi existing Km.37352 Design Ch. 36810 of NH-248A on EPC mode in the State of Rajasthan.,MoRTH N24001867,618118,,,Rajasthan,03/2022,07/2024,01/2026,174.34,174.34,63.55,100.0,FlashReport_February_2026_page149_table1.csv,149,2026-08-28T21:13:49.494272,-0.6354823907307561,0,0,0,18,1,1,1,0,0,1,1
618611,7,2026-02,Sangariya near Chautala-Rasisar near Bikaner section of NH-754K Phase-I AJ/SR- Package-7,National Highways Authority of India [NHAI] -,618611,,,Rajasthan,02/2019,06/2023,,520.63,548.42,412.82,100.0,FlashReport_February_2026_page149_table1.csv,149,2026-08-28T21:13:49.494869,-0.20707604248698697,0,0,0,0,0,0,0,0,0,1,1
618612,8,2025-12,Deogarh near Dhandhaniya-Rajasthan/Gujarat Border Phase-I AJ/DRGB-Package-6,National Highways Authority of India [NHAI],618612,,,Rajasthan,10/2019,08/2023,12/2024,846.59,740.62,666.43,100.0,FlashReport_December_2025_page98_table1.csv,98,2026-08-28T21:13:49.211514,-0.21280667147025134,0,0,0,16,1,1,1,0,0,1,1
618613,8,2025-12,Deogarh near Dhandhaniya-Rajasthan/Gujarat Border Phase-I AJ/DRGB-Package-7,National Highways Authority of India [NHAI],618613,,,Rajasthan,10/2019,07/2023,12/2024,662.08,597.77,503.05,100.0,FlashReport_December_2025_page98_table1.csv,98,2026-08-28T21:13:49.211655,-0.24019755920734653,0,0,0,17,1,1,1,0,0,1,1
618796,8,2025-12,Tanot -Ramgarh-Bhadasar-Jaisalmer NH-68 and BhadasarMokal-Sarkaritala up to Pakisthan Border NH-968 Pkg-BM/5,National Highways Authority of India [NHAI],618796,,,Rajasthan,02/2018,04/2021,,828.58,830.37,226.86,100.0,FlashReport_December_2025_page98_table1.csv,98,2026-08-28T21:13:49.211814,-0.7262062806246832,0,0,0,0,0,0,0,0,0,1,1
618838,8,2026-06,4L of Karwar Km. 281.980 of NH-62 Nagaur road to Dangiyavas of Jodhpur Ring Road Pkg-II,NHAI -) (-,618838,,,Rajasthan,11/2021,08/2024,07/2026,736.75,512.77,470.4,100.0,FlashReport_June_2026_page142_table0.csv,142,2026-08-28T21:13:51.533409,-0.361520190023753,0,0,0,23,1,1,1,0,0,1,1
619063,5,2026-01,4L Greenfield spur from Delhi-Vadodara Greenfield expressway near Bandikui to Jaipur,National Highways Authority of India [NHAI],619063,,,Rajasthan,03/2022,11/2024,,1636.15,2170.39,1204.74,100.0,FlashReport_January_2026_page122_table1.csv,122,2026-08-28T21:13:50.107424,-0.26367386853283625,0,0,0,0,0,0,0,0,0,1,1
618428,13,2026-05,Realignment of NH-717A from Design Ch.0.00 Km 77.800 of NH-10 to Design Ch.2.00 Km 3.100 of NH-717A with two lane paved shoulder including Major Bridge of 680 m in the State of Sikkim on EPC Mode-COS work,NHIDCL -) (-,618428,,,Sikkim,01/2021,04/2023,05/2026,264.84,380.94,61.27,100.0,FlashReport_May2026_page144_table0.csv,144,2026-08-28T21:13:52.814458,-0.7686527714846699,0,0,0,37,1,1,1,0,0,1,1
618562,5,2026-02,Dindigul Bypass - Samyanallore from km. 373.275 to km. 426.00,National Highways Authority of India [NHAI] -,618562,,,Tamil Nadu,07/2006,01/2009,,579.0,295.5,1.4,100.0,FlashReport_February_2026_page150_table1.csv,150,2026-08-28T21:13:49.502725,-0.9975820379965458,0,0,0,0,0,0,0,0,0,1,1
618743,5,2026-02,Trichy 135.800 to Karur 218.000 section of NH-67 - Trichy Bypass,National Highways Authority of India [NHAI] -,618743,,,Tamil Nadu,07/2007,10/2024,,876.88,360.88,66.59,100.0,FlashReport_February_2026_page150_table1.csv,150,2026-08-28T21:13:49.503370,-0.924060304716723,0,0,0,0,0,0,0,0,0,1,1
618773,5,2026-02,Tuticorin - Tirunelveli from km. 0.00 to km. 47.250,National Highways Authority of India [NHAI] -,618773,,,Tamil Nadu,04/2010,04/2012,,449.85,452.48,1.17,100.0,FlashReport_February_2026_page151_table1.csv,151,2026-08-28T21:13:49.506111,-0.9973991330443481,0,0,0,0,0,0,0,0,0,1,1
618874,5,2026-02,Four Laning of Trichy - Dindigul from km. 333.00 to km. 421.273 of NH-45,National Highways Authority of India [NHAI] -,618874,,,Tamil Nadu,01/2008,07/2010,,1003.11,435.81,0.83,100.0,FlashReport_February_2026_page151_table1.csv,151,2026-08-28T21:13:49.506679,-0.9991725732970462,0,0,0,0,0,0,0,0,0,1,1
618897,6,2025-12,4L of Sethiyathope -Cholapuram section from Km. 65.960 to Km. 116.440 section of NH45 C Pkg-II,National Highways Authority of India [NHAI],618897,,,Tamil Nadu,08/2018,08/2020,06/2024,2356.19,2356.9,1011.27,100.0,FlashReport_December_2025_page99_table1.csv,99,2026-08-28T21:13:49.218296,-0.5708028639456071,0,0,0,46,1,1,1,0,0,1,1
618899,7,2026-02,Kallagam km.38.700 to Meensurutti Km.98.433 of NH-227 in Tamil Nadu,National Highways Authority of India [NHAI] -,618899,,,Tamil Nadu,02/2018,04/2021,,1499.12,1499.12,271.34,100.0,FlashReport_February_2026_page151_table1.csv,151,2026-08-28T21:13:49.507137,-0.8190004802817653,0,0,0,0,0,0,0,0,0,1,1
618943,6,2026-01,Salem - Ulundurpet section from km 0.313 to km 136.670 of NH-68,National Highways Authority of India [NHAI],618943,,,Tamil Nadu,01/2008,01/2011,,861.23,1019.85,18.25,100.0,FlashReport_January_2026_page123_table1.csv,123,2026-08-28T21:13:50.113872,-0.9788093772859747,0,0,0,0,0,0,0,0,0,1,1
619083,6,2026-01,Thumbipadi-Namakkal from km. 180.00 to km. 248.625 Package No. NS-2/BOT/TN- 02,National Highways Authority of India [NHAI],619083,,,Tamil Nadu,08/2006,02/2009,,255.53,395.43,15.29,100.0,FlashReport_January_2026_page123_table1.csv,123,2026-08-28T21:13:50.114210,-0.9401635815755489,0,0,0,0,0,0,0,0,0,1,1
619084,6,2026-01,Start of Karur Bypass - Dindigul from km. 292.600 to km. 305.600 Contract Package No. NS2/BOT/TN-4,National Highways Authority of India [NHAI],619084,,,Tamil Nadu,10/2006,04/2009,,461.54,515.03,0.29,100.0,FlashReport_January_2026_page123_table1.csv,123,2026-08-28T21:13:50.114373,-0.9993716687611042,0,0,0,0,0,0,0,0,0,1,1
619086,8,2026-01,Chengapalli km 102.035 to Neelambur Km144.680 and Madukkarai Km 170.880 to Walayar K183.010 Package No. NS-2/BOT/TN-08,National Highways Authority of India [NHAI],619086,,,Tamil Nadu,09/2010,03/2013,,852.0,285.55,0.32,100.0,FlashReport_January_2026_page123_table1.csv,123,2026-08-28T21:13:50.114529,-0.99962441314554,0,0,0,0,0,0,0,0,0,1,1
617936,8,2026-01,Widening to two/four lane with paved shoulder from Km.180.600 to Km.223.000 of NH-63 on Nizamabad-Jagadalpur road on EPC mode under NHO in the state of Telangana.,MoRTH,617936,,,Telangana,10/2016,03/2019,,253.99,183.26,0.0,100.0,FlashReport_January_2026_page123_table1.csv,123,2026-08-28T21:13:50.116300,-1.0,0,0,0,0,0,0,0,0,0,1,1
619165,8,2026-01,Thanamcherla-Jamandlapally 2LPS,National Highways Authority of India [NHAI],619165,,,Telangana,03/2014,02/2023,,177.18,18.65,3.61,100.0,FlashReport_January_2026_page125_table1.csv,125,2026-08-28T21:13:50.126148,-0.9796252398690597,0,0,0,0,0,0,0,0,0,1,1
618008,6,2025-12,"Construction of four-lane elevated viaduct from km.4634 to km.6345 on NH-24A including Retaining wall, service lane, at grade road and improvement of junctions, on EPC mode",MoRTH,618008,,,Uttar Pradesh,03/2021,09/2023,03/2024,185.09,269.81,158.8,100.0,FlashReport_December_2025_page101_table1.csv,101,2026-08-28T21:13:48.763329,-0.1420390080501377,0,0,0,6,1,0,0,0,0,1,1
618164,7,2026-07,Construction of four lane highway with paved shoulder from Km.74.700 to Km.112.950 of NH-731A i/c Yamuna Bridge on HAM in the state of Uttar Pradesh.,MoRTH -) (-,618164,,,Uttar Pradesh,03/2022,06/2026,08/2026,1141.67,1157.31,0.0,100.0,FlashReport_July_2026_page141_table0.csv,141,2026-08-28T21:13:51.048082,-1.0,0,0,0,2,0,0,0,,,,
618165,7,2026-05,Construction of 4-lane highway with paved shoulders from Km 49.155 to Km 74.700 of NH-731A on Hybrid Annuity Mode in the state of Uttar Pradesh,MoRTH N24001545) (10197,618165,,,Uttar Pradesh,01/2022,01/2026,06/2026,1156.72,1156.72,0.0,100.0,FlashReport_May2026_page151_table0.csv,151,2026-08-28T21:13:52.838382,-1.0,0,0,0,5,1,0,0,0,0,1,1
618166,8,2026-05,Construction of 4-lane green field highway from Km. 35.000 to Km. 49.155 of NH- 731A with paved shoulders on Hybrid Annuity Mode in the state of Uttar Pradesh,MoRTH N24001647) (10198,618166,,,Uttar Pradesh,01/2022,10/2025,06/2026,697.66,697.66,0.04,100.0,FlashReport_May2026_page151_table0.csv,151,2026-08-28T21:13:52.838480,-0.9999426654817533,0,0,0,8,1,1,0,0,0,1,1
618229,6,2025-12,Rehabilitation and upgradation to 2-lane with paved sholuders configuration of Near Karri village-Etawah section Km30.000 to Km 57.346 Pakage-II of NH-92 in state of Uttar Pradesh undergreen national Highway Corridor ProjectGNHCP with the loan assistance of world Bank on EPC mode.,MoRTH,618229,,,Uttar Pradesh,04/2020,02/2024,02/2025,211.09,206.56,0.0,100.0,FlashReport_December_2025_page102_table1.csv,102,2026-08-28T21:13:48.769439,-1.0,0,0,0,12,1,1,0,0,0,1,1
618240,8,2026-05,Rehabilitation and upgradation to 2-lane with paved sholuders configuration of Bewar- naer Karri village section Km0.00 to Km30.00 Pakage-I of NH-92 in state of Uttar Pradesh undergreen national Highway Corridor Project GNHCP with the loan assistance of world Bank on EPC mode.,MoRTH N24001461) (-,618240,,,Uttar Pradesh,04/2020,03/2024,07/2026,236.47,236.47,0.0,100.0,FlashReport_May2026_page152_table0.csv,152,2026-08-28T21:13:52.840677,-1.0,0,0,0,28,1,1,1,0,0,1,1
618499,8,2026-06,6L Elevated Kanpur - Lucknow Exeressway Pkg-1 from Km. 10980 to Km. 28500,NHAI -) (-,618499,,,Uttar Pradesh,12/2021,07/2025,07/2026,1972.94,1943.27,770.81,100.0,FlashReport_June_2026_page151_table0.csv,151,2026-08-28T21:13:51.568154,-0.6093089500947824,0,0,0,12,1,1,0,0,0,1,1
618553,6,2026-05,6L of Agra Bypass Northern connecting Km. 174.500 of NH-2 new NH-19 to Km. 141.000 of Yamuna Expressways,National Highways Authority of India [NHAI] N24001852) (10399,618553,,,Uttar Pradesh,01/2022,02/2025,07/2026,957.62,1034.42,758.67,100.0,FlashReport_May2026_page153_table0.csv,153,2026-08-28T21:13:52.846971,-0.20775464171592073,0,0,0,17,1,1,1,,,,
618692,6,2026-02,Aligarh-Kanpur Pkg I [Aligarh-Bhadwas],National Highways Authority of India [NHAI] -,618692,,,Uttar Pradesh,03/2018,06/2022,04/2021,1226.64,2069.6,213.84,100.0,FlashReport_February_2026_page159_table1.csv,159,2026-08-28T21:13:49.548447,-0.8256701232635493,0,0,0,-14,0,0,0,0,0,1,1
618710,8,2026-01,DL/UP Border - EPE Crossing Pkg-02,National Highways Authority of India [NHAI],618710,,,Uttar Pradesh,09/2020,11/2023,08/2024,2002.79,1889.78,1732.22,100.0,FlashReport_January_2026_page128_table1.csv,128,2026-08-28T21:13:50.142246,-0.13509654032624485,0,0,0,9,1,1,0,0,0,1,1
618864,6,2026-05,4L from Mathura Bypass Start at Existing Km. 154.20 of NH-44 to Gaju Village at Km 32.982 of NH-530B Pkg-IB,National Highways Authority of India [NHAI] N24001851) (10619,618864,,,Uttar Pradesh,01/2022,03/2025,07/2026,1722.11,1820.77,1050.08,100.0,FlashReport_May2026_page154_table0.csv,154,2026-08-28T21:13:52.852470,-0.39023639604903293,0,0,0,16,1,1,1,,,,
618883,8,2026-05,Construction of Four Lane Highway form Ghazipur- Ballia-UP/Bihar State Border Greenfield section of NH-31 Package I [from Hridaipur km 0.000 to Shahapur km 42.500] on EPC Mode in the state of Uttar Pradesh.,National Highways Authority of India [NHAI] N24002086) (10634,618883,,,Uttar Pradesh,10/2022,07/2025,06/2026,1706.47,1579.59,866.24,100.0,FlashReport_May2026_page155_table0.csv,155,2026-08-28T21:13:52.854504,-0.49237900461185957,0,0,0,11,1,1,0,0,0,1,1
618959,6,2026-02,4L Prayagraj Greenfield By-pass from design Km 50860 near Nibi Kala Uperhar to design Km 64763 on NH-19 near Khodaypur Kasgaon including Interchange loop at NH-19,National Highways Authority of India [NHAI] N24002106,618959,,,Uttar Pradesh,08/2023,03/2025,,1017.99,427.54,406.6,100.0,FlashReport_February_2026_page160_table1.csv,160,2026-08-28T21:13:49.555482,-0.600585467440741,0,0,0,0,0,0,0,0,0,1,1
619162,7,2026-01,4L of Najibabad Bypass from Km. 105.423 to Km. 118.373 excluding 2.45 Km. of NH- 74 Bypass of NH-119,National Highways Authority of India [NHAI],619162,,,Uttar Pradesh,01/2022,06/2024,10/2025,578.02,566.9,438.31,100.0,FlashReport_January_2026_page129_table1.csv,129,2026-08-28T21:13:50.147842,-0.24170443929275798,0,0,0,16,1,1,1,0,0,1,1
617970,6,2025-12,Reconstruction of existing 2 L/IL to 2L with paved shoulder from existing km 52.200 to 92.880 of NH-,MoRTH,617970,,,Uttarakhand,10/2016,06/2019,03/2021,282.08,282.08,156.65,100.0,FlashReport_December_2025_page104_table1.csv,104,2026-08-28T21:13:48.780323,-0.4446610890527509,0,0,0,21,1,1,1,0,0,1,1
617975,6,2025-12,Rehabilitation and upgradation to 2 lane with paved shoulder configuration from km 122.00 Dharasu Bend to km 147.230 Silkyara Bend of NH-94 in the state of Uttarakhand,MoRTH,617975,,,Uttarakhand,03/2017,11/2019,10/2021,237.79,237.79,50.38,100.0,FlashReport_December_2025_page104_table1.csv,104,2026-08-28T21:13:48.780510,-0.7881323857184911,0,0,0,23,1,1,1,0,0,1,1
618214,7,2026-02,Rehabilitation and upgradation to 2 lane / 2 lane with paved shoulder configuration for design chainage km 107.347 to km 129.208 & km 133.878 to km 138.570 existing chainage km 110.000 to km 133.020 & km 137.330 to km 142.028 and land slide treatment at existing km 138.500 Design chainage km 134.970 of NH -94 on EPC mode under improvement to NH connectivity to Chardham in the state of Uttarakhand.,MoRTH -,618214,,,Uttarakhand,03/2018,07/2021,,346.5,346.5,0.0,100.0,FlashReport_February_2026_page162_table1.csv,162,2026-08-28T21:13:49.562687,-1.0,0,0,0,0,0,0,0,0,0,1,1
701391,13,2026-06,Aruna Medium Irrigation Project,Department of water resources-MH - II -) (-,701391,,,Maharashtra,04/2009,12/2019,12/2025,210.45,1472.14,1734.71,100.0,FlashReport_June_2026_page159_table0.csv,159,2026-08-28T21:13:51.596522,7.242860536944644,1,1,1,72,1,1,1,0,0,1,1
701406,12,2025-07,Rajiv Bhima Lift Irrigation Scheme,Irrigation and CAD-TG,701406,,,Telangana,01/2008,12/2019,,1402.0,2509.66,1839.76,100.0,FlashReport_July_2025_page65_table1.csv,65,2026-08-28T21:13:50.880633,0.3122396576319544,1,1,1,0,0,0,0,0,0,1,1
618285,12,2025-12,Widening/Improvement to 4 -Lane with Paved Shoulder from Ch. 88.000km to Ch.99.930 km Design Ch.84.100km to Ch.96.000 km of Sagunbashi forest near Nichinta to starting of Krishnai Bypass Section of Bilasipura Guwahati road NH 17 on EPC Package-7,NHIDCL,618285,,,Assam,03/2021,10/2025,,286.72,286.72,0.0,100.0,FlashReport_December_2025_page43_table1.csv,43,2026-08-28T21:13:48.880948,-1.0,0,0,0,0,0,0,0,0,0,1,1
618330,12,2026-01,Construction of 4/6 Laning from existing Km 159.400 of NH-36 to existing Km 102.500 of NH-39 and upto end point of Assam portion [Design Km 118.050 to design Km 132.375] Total New Alignment length of 14.325 Km of Daboka - Dimapur Section Dimapur Bypass in the state of Assam under SARDP-NE 'Phase-A' on EPC mode Assam Portion,NHIDCL,618330,,,Assam,03/2018,11/2022,08/2024,511.02,511.02,647.2,100.0,FlashReport_January_2026_page52_table1.csv,52,2026-08-28T21:13:50.300460,0.26648663457398936,1,1,1,21,1,1,1,0,0,1,1
701105,11,2026-04,Goa Airport Terminal Building Extension Project,Airport Authority of India [AAI] N04000095) (4831,701105,Ministry of Civil Aviation,Aviation & Aviation Infrastructure,Goa,11/2017,12/2021,04/2026,255.69,255.69,156.7,100.0,FlashReport_April2026_page55_table0.csv,55,2026-08-28T21:13:48.278071,-0.3871485001368845,0,0,0,52,1,1,1,0,0,1,1
701127,13,2026-06,Construction of New Passenger Terminal Building for Domestic Operations at Jodhpur Airport.,Airport Authority of India [AAI] -) (-,701127,Ministry of Civil Aviation,Aviation & Aviation Infrastructure,Rajasthan,06/2022,03/2026,06/2026,480.0,480.0,348.01,100.0,FlashReport_June_2026_page59_table0.csv,59,2026-08-28T21:13:51.716507,-0.27497916666666666,0,0,0,3,0,0,0,0,0,1,1
612819,10,2026-01,300 MW SPP part of 510 MW CPSU scheme,NLC India Limited [NLCIL],612819,,,Rajasthan,07/2022,09/2024,12/2025,1813.0,1813.0,1752.16,100.0,FlashReport_January_2026_page67_table1.csv,67,2026-08-28T21:13:50.380532,-0.0335576392719249,0,0,0,15,1,1,1,0,0,1,1
615327,10,2026-01,50 MW Solar PP Minedout Area,NLC India Limited [NLCIL],615327,,,Tamil Nadu,08/2023,03/2025,12/2025,218.03,218.03,166.55,100.0,FlashReport_January_2026_page67_table1.csv,67,2026-08-28T21:13:50.380688,-0.2361142961977709,0,0,0,9,1,1,0,0,0,1,1
611966,12,2026-06,Transmission System for Evacuation of power from Potential RE Zone in Khavda Area of Gujarat under phase IV 7GW-Part E4,Power Grid Corporation of India Limited [POWERGRID] -) (-,611966,,,Maharashtra,11/2023,07/2025,05/2026,224.41,224.41,224.41,100.0,FlashReport_June_2026_page69_table0.csv,69,2026-08-28T21:13:51.752002,0.0,0,0,0,10,1,1,0,,,,
702949,12,2025-08,Jhansi Water Supply Infrastructure Phase-II Project,Ministry of Housing & Urban Affairs,702949,Waste & Water,,Uttar Pradesh,06/2019,07/2023,09/2025,561.74,561.74,523.15,100.0,FlashReport_August_2025_page47_table1.csv,47,2026-08-28T21:13:48.590623,-0.06869726207854177,0,0,0,26,1,1,1,0,0,1,1
612851,12,2026-07,"Phase 1B - Construction of Academic Block, Hostel, Residential Tower, Directors Residence and External Development works at National Institute of Technology, Delhi Campus on Engineering, Procurement and Construction basis",National Institute of Technology Delhi -) (-,612851,,,Delhi,09/2009,09/2025,01/2026,333.49,336.42,336.42,100.0,FlashReport_July_2026_page70_table0.csv,70,2026-08-28T21:13:51.243161,0.008785870640798832,0,0,0,4,1,0,0,,,,
705526,13,2026-05,Samastipur-Darbhanga Doubling Railway Project,East Central Railway [ECR] - I N22000329) (2308,705526,,,Bihar,11/2015,03/2025,10/2025,519.0,519.0,409.48,100.0,FlashReport_May2026_page81_table0.csv,81,2026-08-28T21:13:53.075633,-0.21102119460500957,0,0,0,7,1,1,0,1,1,1,1
602792,13,2025-10,Gauge Conversion of Kendri-Dhamtari including Abhanpur - Rajim Branch line 67.20 Kms - 2nd Material Modification to Raipur Titlagarh doubling.,SECR,602792,,,Chhattisgarh,07/2011,02/2025,03/2026,1171.0,1171.0,376.0,100.0,FlashReport_October_2025_page62_table1.csv,62,2026-08-28T21:13:53.638824,-0.6789069171648163,0,0,0,13,1,1,1,0,0,1,1
705660,12,2025-07,Doubling of Katni - Singrauli Railway Line [261 km],Indian Railway Construction International Limited [IRCON],705660,,,Madhya Pradesh,03/2017,12/2026,,2445.0,4377.0,3122.0,100.0,FlashReport_July_2025_page57_table1.csv,57,2026-08-28T21:13:50.832443,0.2768916155419223,1,1,1,0,0,0,0,0,0,1,1
705933,13,2026-06,Nimach-Ratlam Doubling [133 Km],Western Railway [WR] - II -) (-,705933,,,Madhya Pradesh,10/2021,10/2027,10/2027,1095.88,1095.88,1284.91,100.0,FlashReport_June_2026_page88_table0.csv,88,2026-08-28T21:13:51.836222,0.17249151366937987,1,1,0,0,0,0,0,1,1,1,1
705506,13,2026-01,3rd Line Manmad - Jalgaon [160 Kilometres],Central Railway [CR] - II,705506,,,Maharashtra,05/2017,12/2024,08/2025,1035.16,1870.0,1800.16,100.0,FlashReport_January_2026_page85_table1.csv,85,2026-08-28T21:13:50.524243,0.7390161907337995,1,1,1,8,1,1,0,0,0,1,1
705567,13,2026-07,Burhwal - Gonda - 3rd line 61.72 km,CAOC/NER NER mor -) (-,705567,,,Uttar Pradesh,11/2017,03/2025,05/2026,1016.0,1307.62,777.21,100.0,FlashReport_July_2026_page89_table0.csv,89,2026-08-28T21:13:51.320670,-0.23502952755905504,0,0,0,14,1,1,1,,,,
617907,6,2026-03,Rehabilitation and Up-gradation from Km 170700 Bhadrachalam to Km 234567 Konta on NH-30 to Two lane with Paved Shoulder in the State of Andra Pradesh on EPC mode.,MoRTH N24001953,617907,Ministry of Road Transport & Highways,Roads & Highways,Andhra Pradesh,12/2021,09/2024,04/2026,436.09,436.09,215.74,100.0,FlashReport_March_2026_page90_table1.csv,90,2026-08-28T21:13:52.598492,-0.50528560618221,0,0,0,19,1,1,1,0,0,1,1
617949,7,2026-03,Tadipatri Bypass Km 0000 to Km 6285 of 4-Lane on NH-67 in Anantapuramu district of AP state under NHO on EPC Mode under Annual Plan 2022-23,MoRTH N24002145,617949,Ministry of Road Transport & Highways,Roads & Highways,Andhra Pradesh,03/2023,03/2026,03/2026,159.66,159.66,59.26,100.0,FlashReport_March_2026_page90_table1.csv,90,2026-08-28T21:13:52.598586,-0.6288362770888137,0,0,0,0,0,0,0,0,0,1,1
618125,8,2026-02,Rehabilitation and upgradation of NH 326A from km 0/0 to 41/979 excluding km 2/255 to 3/372 and km 36/820 to 38/275 Odisha border to Narasamapeta to two lane with paved Shoulders in the State of Andhra Pradesh under NHO on EPC Mode,MoRTH -,618125,,,Andhra Pradesh,03/2018,03/2020,03/2021,228.32,228.32,70.6,100.0,FlashReport_February_2026_page102_table1.csv,102,2026-08-28T21:13:49.234943,-0.6907848633496847,0,0,0,12,1,1,0,0,0,1,1
618236,7,2026-02,Rehabilitation and Up-gradation of Dhindi - Digamarru section from Km 126/510 to Km 135/740 of NH -214New NH -216 and digamarru -Losari section from Km 0/000 tp Km 34/230 of NH-214 ANew Nh-216 to two lane with paved shoulder in the state of AP- NH,MoRTH -,618236,,,Andhra Pradesh,02/2016,05/2018,07/2020,316.06,288.76,14.32,100.0,FlashReport_February_2026_page102_table1.csv,102,2026-08-28T21:13:49.235866,-0.9546921470606847,0,0,0,26,1,1,1,0,0,1,1
618257,8,2026-03,Rehabilitation and Upgradation to 2-lane with paved shoulders configuration of Koyyuru to Chaprathipalem section Km 120000 to Km 165500 of NH-516E in the State of Andhra Pradesh under Green National Highways Corridor Project GNHCP with the loan assistance of World Bank on EPC mode,MoRTH N24001957,618257,,,Andhra Pradesh,08/2020,07/2024,03/2026,349.29,349.29,241.96,100.0,FlashReport_March_2026_page92_table1.csv,92,2026-08-28T21:13:52.605654,-0.30728048326605406,0,0,0,20,1,1,1,0,0,1,1
618259,6,2025-12,Two laning with paved shoulders of Paderu to GundigudaSection of NH 516E,MoRTH,618259,,,Andhra Pradesh,08/2020,03/2023,03/2024,222.61,222.61,122.52,100.0,FlashReport_December_2025_page78_table1.csv,78,2026-08-28T21:13:49.102587,-0.4496204123803963,0,0,0,12,1,1,0,0,0,1,1
618579,8,2026-02,6L of Anandapuram Pendurthi Anakapalli Section from km. 681.000 to km. 731.780 of NH-16,National Highways Authority of India [NHAI] -,618579,,,Andhra Pradesh,01/2018,07/2021,11/2021,2527.0,2957.25,240.35,100.0,FlashReport_February_2026_page103_table1.csv,103,2026-08-28T21:13:49.240529,-0.9048872180451127,0,0,0,4,1,0,0,0,0,1,1
618748,6,2026-01,Khammam-Devarapalle Pkg IV [4L Access Controlled Greenfield from Recherla village to Gurvaygudem village Design Chainage 105236 to 132664],National Highways Authority of India [NHAI],618748,,,Andhra Pradesh,11/2020,09/2024,05/2025,569.37,752.02,322.23,100.0,FlashReport_January_2026_page92_table1.csv,92,2026-08-28T21:13:50.572167,-0.43405869645397543,0,0,0,8,1,1,0,0,0,1,1
618749,7,2026-06,Khammam-Devarapalle Pkg V [4L Access Controlled Greenfield from Gurvaygudem village to Devarapalle village Design Chainage 132664 to 162126,NHAI -) (-,618749,,,Andhra Pradesh,12/2020,09/2024,07/2026,711.94,926.48,566.96,100.0,FlashReport_June_2026_page98_table0.csv,98,2026-08-28T21:13:51.873454,-0.20364075624350364,0,0,0,22,1,1,1,,,,
619160,7,2026-02,Balance works in AP Portion and punch list items in TN & AP portion of NH-205,National Highways Authority of India [NHAI] -,619160,,,Andhra Pradesh,10/2022,01/2025,,166.52,113.46,98.26,100.0,FlashReport_February_2026_page105_table1.csv,105,2026-08-28T21:13:49.250775,-0.40992073024261355,0,0,0,0,0,0,0,0,0,1,1
702682,6,2025-10,Dibrugarh Water Supply Infrastructure Project,Ministry of Housing & Urban Affairs,702682,Ministry of Railways,Waste & Water,Assam,02/2016,03/2023,12/2025,186.8,186.8,1664.41,100.0,FlashReport_October_2025_page40_table1.csv,40,2026-08-28T21:13:53.513982,7.910117773019271,1,1,1,33,1,1,1,,,,
612063,5,2025-08,"Construction of New Terminal Building, Second Link Taxi Track, Apron Expansion, and associated works at Prayagraj Airport- On Design & Build Basis.",Airport Authority of India [AAI],612063,Ministry of Civil Aviation,Aviation & Aviation Infrastructure,Uttar Pradesh,08/2023,11/2024,08/2025,219.18,274.38,215.19,100.0,FlashReport_August_2025_page37_table1.csv,37,2026-08-28T21:13:48.529194,-0.018204215713112593,0,0,0,9,1,1,0,0,0,1,1
701091,4,2025-08,Lucknow Airport-Terminal 3- Phase 1 & Other Associated Works,Adani Airport Holdings Limited,701091,Ministry of Civil Aviation,Aviation & Aviation Infrastructure,Uttar Pradesh,06/2018,03/2026,,3100.0,3100.0,16024.42,100.0,FlashReport_August_2025_page37_table1.csv,37,2026-08-28T21:13:48.529274,4.169167741935484,1,1,1,0,0,0,0,0,0,1,1
602194,5,2025-09,Khurja super Thermal Power Plant [2X660 MW],THDC India Limited,602194,,,Uttar Pradesh,03/2019,02/2024,09/2025,11089.42,13276.2,12888.23,100.0,FlashReport_September_2025_page48_table1.csv,48,2026-08-28T21:13:53.823828,0.16220956551379606,1,1,0,19,1,1,1,0,0,1,1
611737,4,2025-10,Western Region Expansion Scheme-XXV,Power Grid Corporation of India Limited [POWERGRID],611737,Transmission & Distribution,,Chhattisgarh,02/2023,11/2023,10/2025,385.84,385.84,382.4,100.0,FlashReport_October_2025_page48_table1.csv,48,2026-08-28T21:13:53.553958,-0.008915612689197605,0,0,0,23,1,1,1,,,,
608302,4,2025-10,Transmission system for evacuation of Power from Pakaldul HEP in Chenab Valley HEPs - LTA System,Power Grid Corporation of India Limited [POWERGRID],608302,,,Jammu and Kashmir,02/2022,04/2025,11/2025,318.12,318.12,317.12,100.0,FlashReport_October_2025_page49_table1.csv,49,2026-08-28T21:13:53.559318,-0.003143467873758299,0,0,0,7,1,1,0,,,,
702631,6,2026-01,"Ahmedabad Metro Rail Project, Phase-II",Gujarat Metro Rail Corporation Limited [GMRCL],702631,Ministry of Housing & Urban Affairs,Urban Public Transport,Gujarat,03/2019,03/2024,12/2025,5384.17,5384.17,4960.02,100.0,FlashReport_January_2026_page71_table1.csv,71,2026-08-28T21:13:50.410949,-0.07877723028804806,0,0,0,21,1,1,1,0,0,1,1
702735,8,2026-03,Sewerage Management Scheme Part-3 Implementation,Ministry of Housing & Urban Affairs -,702735,Waste & Water,,Haryana,03/2017,03/2023,05/2026,213.19,213.19,180.32,100.0,FlashReport_March_2026_page68_table1.csv,68,2026-08-28T21:13:52.487319,-0.15418171584033025,0,0,0,38,1,1,1,,,,
702798,8,2026-03,Jabalpur Sewerage Management and Treatment Infrastructure Project,Ministry of Housing & Urban Affairs -,702798,Waste & Water,,Madhya Pradesh,10/2018,03/2023,06/2026,362.31,362.31,332.05,100.0,FlashReport_March_2026_page68_table1.csv,68,2026-08-28T21:13:52.488302,-0.08351963787916428,0,0,0,39,1,1,1,,,,
702948,6,2026-01,Jaunpur Sewerage Management Infrastructure Project,Ministry of Housing & Urban Affairs,702948,,,Uttar Pradesh,03/2017,06/2023,03/2026,235.73,235.73,221.27,100.0,FlashReport_January_2026_page73_table1.csv,73,2026-08-28T21:13:50.440525,-0.0613413651211131,0,0,0,33,1,1,1,,,,
701576,7,2026-01,Berth No. 2 [previously Berth 3] of HDC Mechanization Project,"Haldia Dock Complex, Syama Prasad Mookerjee Port Authority",701576,"Ministry of Ports, Shipping and Waterways",Shipping,West Bengal,11/2022,09/2025,01/2026,298.26,298.26,480.0,100.0,FlashReport_January_2026_page80_table1.csv,80,2026-08-28T21:13:50.487896,0.6093341380004025,1,1,1,4,1,0,0,0,0,1,1
709827,8,2026-02,CONSTRUCTION OF RESIDENTIAL TOWERS AT BIOM KIRANDUL COMPLEX,National Mineral Development Corporation Limited [NMDC] N12000130,709827,"Tourism, Hospitality & Wellness",Steel,Chhattisgarh,07/2021,12/2025,02/2026,349.75,349.75,326.85,100.0,FlashReport_February_2026_page89_table1.csv,89,2026-08-28T21:13:49.916259,-0.06547533952823437,0,0,0,2,0,0,0,,,,
400065,5,2025-11,Installation of 4th Slab Caster along with its Auxiliaries and a New Ladle Furnace in SMS-II at Rourkela Steel Plant,Steel Authority of India Limited [SAIL],400065,"Tourism, Hospitality & Wellness",Steel,Odisha,01/2022,05/2025,09/2025,1105.23,1105.23,790.11,100.0,FlashReport_November_2025_page60_table1.csv,60,2026-08-28T21:13:53.368117,-0.28511712494231967,0,0,0,4,1,0,0,,,,
705694,5,2025-07,Provision of Work-site Tampers [WST] Railway Project,EDTK[MC]/RB,705694,,,Delhi,01/2016,12/2023,,187.72,187.72,141.91,100.0,FlashReport_July_2025_page55_table1.csv,55,2026-08-28T21:13:50.819010,-0.2440336671638611,0,0,0,0,0,0,0,0,0,1,1
705651,8,2026-02,Katni - Bina Third Railway Line [279 km],West Central Railway WCR I -,705651,,,Madhya Pradesh,06/2016,03/2022,12/2025,2478.23,4127.23,3368.11,100.0,FlashReport_February_2026_page93_table1.csv,93,2026-08-28T21:13:49.940131,0.3590788587015734,1,1,1,45,1,1,1,,,,
705503,9,2025-11,Pune - Miraj-Londa [467 Kilometres],Central Railway,705503,,,Maharashtra,06/2016,02/2025,08/2025,4027.53,4872.52,4969.74,100.0,FlashReport_November_2025_page65_table1.csv,65,2026-08-28T21:13:53.395881,0.23394239149056606,1,1,1,6,1,0,0,0,0,1,1
705863,3,2025-09,Bahraich - Nanpara - Nepalganj Road Gauge Conversion,North Eastern Railway [NER],705863,,,Uttar Pradesh,07/2020,07/2025,09/2025,950.0,550.0,507.02,100.0,FlashReport_September_2025_page68_table1.csv,68,2026-08-28T21:13:53.948045,-0.4662947368421053,0,0,0,2,0,0,0,,,,
701600,8,2025-11,354 Uncovered Villages Scheme,Department of Telecommunications [DoT],701600,,,"Multi-States (Bihar, Gujarat, Himachal Pradesh, Jammu and Kashmir, Ladakh, Rajasthan, Uttar Pradesh)",12/2019,10/2021,08/2025,336.89,301.13,235.96,100.0,FlashReport_November_2025_page70_table1.csv,70,2026-08-28T21:13:53.427568,-0.2995933390721006,0,0,0,46,1,1,1,0,0,1,1
709858,4,2025-08,OPTICAL TRANSPORT NETWORK [OTN] PH-4 IN BSNL,BSNL,709858,,,PAN India,02/2024,08/2025,10/2025,810.99,810.99,741.9,100.0,FlashReport_August_2025_page64_table1.csv,64,2026-08-28T21:13:48.737461,-0.08519217252987099,0,0,0,2,0,0,0,0,0,1,1
400117,2,2025-07,Arjun Sahayak Project,Irrigation & Water Resources-UP,400117,,,Uttar Pradesh,04/2009,12/2019,,741.38,2465.68,3218.3,100.0,FlashReport_July_2025_page65_table1.csv,65,2026-08-28T21:13:50.880774,3.340958752596509,1,1,1,0,0,0,0,0,0,1,1
618575,6,2025-12,"6L Standalone Flyovers at Bongaigaon, Chapaguri, Pathsala, Simlaguri chowk and Baihata Bypass Junctions on stretches of NH-31 and NH-27",National Highways Authority of India [NHAI],618575,,,Assam,03/2022,07/2024,,457.72,412.15,371.63,100.0,FlashReport_December_2025_page44_table1.csv,44,2026-08-28T21:13:48.885907,-0.18808441842174262,0,0,0,0,0,0,0,0,0,1,1
612185,6,2026-01,C/o Construction of 200 bedded [Up-gradable to 300 bedded] ESI Hospital at Surat Gujarat.,Employee's State Insurance Company [ESIC],612185,,,Gujarat,06/2019,06/2025,01/2026,209.36,209.36,202.62,100.0,FlashReport_January_2026_page80_table1.csv,80,2026-08-28T21:13:50.484059,-0.03219335116545663,0,0,0,7,1,1,0,0,0,1,1
612178,7,2026-03,"Construction of 100 Bedded ESIC Hospital building and 32 Nos Residential Quarters at Vallam Vadangal, SIPCOT, Sriperumbudur",Employee's State Insurance Company [ESIC] -,612178,Ministry of Labour and Employment,Healthcare,Tamil Nadu,02/2015,06/2025,03/2026,152.95,177.01,127.22,100.0,FlashReport_March_2026_page77_table1.csv,77,2026-08-28T21:13:52.533643,-0.16822491010134022,0,0,0,9,1,1,0,,,,
611142,8,2025-10,Fairway Development in West Bengal Farakka - Kahelgaon,Inland Waterways Authority of India [IWAI],611142,"Ministry of Ports, Shipping and Waterways",Inland Waterways,Offshore,08/2018,07/2023,04/2024,177.0,197.0,183.32,100.0,FlashReport_October_2025_page59_table1.csv,59,2026-08-28T21:13:53.622096,0.03570621468926549,0,0,0,9,1,1,0,0,0,1,1
619115,2,2026-02,4L of Byrapura to Challakere Section from km 308.550 to km 358.500 of NH-150 A,National Highways Authority of India [NHAI] -,619115,,,Karnataka,03/2018,12/2020,06/2021,796.77,1195.54,201.53,100.0,FlashReport_February_2026_page125_table1.csv,125,2026-08-28T21:13:49.367501,-0.7470662801059277,0,0,0,6,1,0,0,,,,
618696,2,2026-02,Bellary to Byrapura Section km 253.600 to km 308.550 of NH-150A,National Highways Authority of India [NHAI] -,618696,,,"Multi-States (Andhra Pradesh, Karnataka)",03/2018,10/2021,09/2022,1281.47,1689.6,349.37,100.0,FlashReport_February_2026_page139_table1.csv,139,2026-08-28T21:13:49.438613,-0.7273677885553309,0,0,0,11,1,1,0,,,,
619113,3,2026-01,4L of Padalur - Trichy section from km. 285.00 to km. 325.00 of NH - 45 Pkg VI-C,National Highways Authority of India [NHAI],619113,,,Tamil Nadu,11/2006,05/2009,,555.8,235.8,-0.08,100.0,FlashReport_January_2026_page123_table1.csv,123,2026-08-28T21:13:50.114860,-1.0001439366678662,0,0,0,0,0,0,0,0,0,1,1
701390,1,2025-07,Arjuna Medium Irrigation project,Department of water resources-MH - II,701390,,,Maharashtra,01/2008,12/2019,,333.87,611.0,803.89,100.0,FlashReport_July_2025_page65_table1.csv,65,2026-08-28T21:13:50.879485,1.4077934525414082,1,1,1,0,0,0,0,,,,
